"names";"PubChem";"KEGG"
"1";"10-Desacetyltaxuyunnanin C";"5460449";"C15538"
"2";"10-Hydroxydecanoic acid";"74300";"C02774"
"3";"10-Oxodecanoate_1";"19734156";"C02217"
"4";"11beta,21-Dihydroxy-5beta-pregnane-3,20-dione";"21145110";"C05475"
"5";"1,1-Dichloroethylene epoxide";"119521";"C14857"
"6";"11-Hydroxycanthin-6-one";"337601";"C09212"
"7";"11-O-Demethylpradimicinone I";"441170";"C06776"
"8";"1-(1-Oxopropyl)-1H-imidazole";"77770";"C03007"
"9";"1,2,3-Trihydroxybenzene_1";"1057";"C01108"
"10";"1,2,6-Hexanetriol";"7823";"C20334"
"11";"12alpha-Hydroxyamoorstatin";"5462416";"C08767"
"12";"1,2-Diamino-4-nitrobenzene_1";"5111791";"C19384"
"13";"1,2-Dihydrosantonin_1";"UNKNOWN";"C02771"
"14";"1,2-Dihydroxy-5-(methylthio)pent-1-en-3-one";"5462190";"C15606"
"15";"1,2-Dihydroxydibenzothiophene";"441151";"C06722"
"16";"12-Hydroxydodecanoic acid_1";"79034";"C08317"
"17";"1,3,7-Trimethyluric acid";"79437";"C16361"
"18";"1,3,8-Naphthalenertriol_1";"439428";"C01173"
"19";"1,3-Dichloro-2-propanol";"7289";"C14399"
"20";"1,4-Naphthoquinone";"8530";"C02617"
"21";"1,5-Naphthalene diisocyanate";"18503";"C19464"
"22";"1-(5'-Phosphoribosyl)-5-amino-4-imidazolecarboxami...";"65110";"C04677"
"23";"1-(5'-Phosphoribosyl)-5-formamido-4-imidazolecarbo...";"166760";"C04734"
"24";"(15S)-15-Hydroxy-5,8,11-cis-13-trans-eicosatetraen...";"5280724";"C04742"
"25";"17beta-Methylestra-1,3,5(10)-trien-3-ol";"11954100";"C15020"
"26";"1,8-Diazacyclotetradecane-2,9-dione";"16";"C04277"
"27";"1'-Acetoxychavicol acetate_1";"119104";"C10426"
"28";"1-Aminocyclopropane-1-carboxylate_1";"535";"C01234"
"29";"1-(beta-D-Ribofuranosyl)-1,4-dihydronicotinamide";"11507134";"C15497"
"30";"1-Hydroxy-2-methyl-2-butenyl 4-diphosphate";"5281976";"C11811"
"31";"1-Methyladenosine";"27476";"C02494"
"32";"1-(Methylnitrosoamino)-4-(3-pyridinyl)-1,4-butaned...";"53297440";"C19577"
"33";"1-Naphthaleneacetic acid sodium salt";"23694671";"C18534"
"34";"1-Octanal_1";"454";"C01545"
"35";"1-Phenyl-5-mercaptotetrazole";"690730";"C15415"
"36";"1-Phenylethylamine";"7408";"C02455"
"37";"1-Pyrenylsulfate_1";"9543289";"C18269"
"38";"1-Pyrroline-2-carboxylate";"440046";"C03564"
"39";"(1-Ribosylimidazole)-4-acetate_1";"440569";"C05131"
"40";"(1S,3R)-3-(2,2-Dichloroethenyl)-2,2-dimethylcyclop...";"41539";"C19844"
"41";"21-Hydroxypregn-4-ene-3,20-dione hydrogen succinat...";"112092";"C15425"
"42";"2,2-Dichloro-1,1-ethanediol";"85275";"C14860"
"43";"2-(2'-Methylthio)ethylmalic acid";"24883456";"C17210"
"44";"2,3,5-Trihydroxytoluene";"13026";"C03338"
"45";"2,3,6-Trihydroxypyridine";"440020";"C03458"
"46";"2,3-Dehydro-UWM6";"25195328";"C18679"
"47";"2,3-Dihydrothienamycin";"92042763";"C20820"
"48";"2,3-Dihydroxycyclopentaneundecanoic acid";"243756";"C14987"
"49";"2,3-Dihydroxy-p-cumate_1";"54675852";"C06580"
"50";"2,3-Dimethylmaleate_1";"3032309";"C00922"
"51";"2-[3-Ethyl-5-(4-methoxyphenyl)-1H-pyrazol-4-yl]phe...";"257428";"C15193"
"52";"2-(3'-Methylthio)propylmalic acid_1";"24883455";"C17214"
"53";"2,4,6-Trihydroxybenzophenone";"77093";"C06356"
"54";"2,4-Bis(acetamido)-2,4,6-trideoxy-beta-L-altropyra...";"56927717";"C19972"
"55";"2,4-DB";"1489";"C14404"
"56";"2,4-Diamino-6-nitrotoluene";"96177";"C16396"
"57";"2,4-Dihydroxypteridine";"10250";"C03212"
"58";"2,4-Dinitrotoluene";"8461";"C11006"
"59";"2,4-DP";"8427";"C11020"
"60";"2,5-Dihydroxypyridine_1";"99456";"C01059"
"61";"2,5-Dioxopentanoate_1";"21872870";"C00433"
"62";"2,5-Furandicarboxylate_1";"76720";"C20450"
"63";"2-(6'-Methylthio)hexylmalic acid";"44237240";"C17226"
"64";"2,7-Anhydro-alpha-N-acetylneuraminic acid_1";"440369";"C04521"
"65";"2-(Acetamidomethylene)succinate";"21158439";"C01215"
"66";"2-Aceto-2-hydroxybutanoate";"21";"C00659"
"67";"2-Acetoxyamino-1-methyl-6-phenylimidazo[4,5-b]pyri...";"25092289";"C20287"
"68";"2-Amino-3,7-dideoxy-D-threo-hept-6-ulosonic acid";"25137912";"C16850"
"69";"2-Amino-4-chloro-4-pentenoic acid";"228810";"C04075"
"70";"2-Amino-4-hydroxy-6-(D-erythro-1,2,3-trihydroxypro...";"65074";"C04874"
"71";"2-Amino-4-oxo-6-(1',2',3'-trihydroxypropyl)-diquin...";"25";"C05253"
"72";"2-Amino-5-(5-nitro-2-furyl)-1,3,4-thiadiazole";"61205";"C19189"
"73";"2-Amino-5-chlorophenol";"91591";"C20669"
"74";"2-Amino-5-phosphopentanoic acid";"1216";"C13734"
"75";"2-Amino-9,10-epoxy-8-oxodecanoic acid";"443587";"C12027"
"76";"2-Aminoadenosine";"72200";"C00939"
"77";"2-Aminobenzenesulfonate";"6926";"C06333"
"78";"2-Aminomuconate";"20849110";"C02220"
"79";"2-Aminomuconate semialdehyde";"5280625";"C03824"
"80";"2-Aminophenol_1";"5801";"C01987"
"81";"2-Dimethylamino-5,6-dimethylpyrimidin-4-ol";"93225";"C10916"
"82";"2-Furoate";"5460151";"C01546"
"83";"2-Heptanone_1";"8051";"C08380"
"84";"2-Hydroxy-1,4-benzoquinone_1";"151011";"C07103"
"85";"2-Hydroxy-2,4-pentadienoate";"54675827";"C00596"
"86";"2-Hydroxy-6-oxo-6-(2-hydroxyphenoxy)-hexa-2,4-dien...";"54675786";"C07734"
"87";"2-Hydroxycyclohexan-1-one_1";"10785";"C01147"
"88";"2-Hydroxyethylphosphonate";"89954";"C06451"
"89";"2-Hydroxyfelbamate_1";"10400039";"C16582"
"90";"2-(Hydroxymethyl)-3-(acetamidomethylene)succinate";"9548691";"C04690"
"91";"2-Hydroxymethylclavam";"3050259";"C17357"
"92";"2-Hydroxymuconate semialdehyde_1";"5280366";"C00682"
"93";"2-Iodophenol methyl ether";"68257";"C03575"
"94";"2-Isopropylmaleate_1";"5280533";"C02631"
"95";"2-Maleylacetate";"5280500";"C02222"
"96";"2-Methyl-3-hydroxy-5-formylpyridine-4-carboxylate";"440898";"C06050"
"97";"2-Methyl-4-chlorophenoxybutyric acid";"7207";"C18529"
"98";"2-Methylpropanamine";"6558";"C02787"
"99";"2-Naphthol";"8663";"C11713"
"100";"2-Naphthylamine";"7057";"C02227"
"101";"2-Nitrofluorene";"11831";"C10923"
"102";"2-Oxo-6-methylthiohexanoic acid";"22266653";"C17216"
"103";"2-Oxo-8-methylthiooctanoic acid";"44237313";"C17224"
"104";"2-Oxoadipate_1";"71";"C00322"
"105";"2-Oxobutanoate_1";"58";"C00109"
"106";"2-Oxoglutaramate";"48";"C00940"
"107";"2-Oxoglutarate";"51";"C00026"
"108";"2-Oxooctadecanoic acid_1";"439332";"C00869"
"109";"2-Oxopropyl-CoM";"443231";"C11497"
"110";"2-Oxosuberate_1";"146903";"C16589"
"111";"2-Pyridyl hydroxymethane sulfonic acid_1";"443125";"C11327"
"112";"2-Thiophenesulfonamide";"72881";"C14764"
"113";"2-trans,6-trans-Farnesal_1";"5280598";"C03461"
"114";"3-(2-Hydroxyphenyl)propanoate_1";"6930705";"C01198"
"115";"3-(3,4-Dichlorophenyl)-1-hydroxy-1-methylurea";"11954136";"C15250"
"116";"3-[(3aS,4S,7aS)-7a-Methyl-1,5-dioxo-octahydro-1H-i...";"15944652";"C20199"
"117";"3,3'-Dimethoxybenzidine-4,4'-diisocyanate";"7069";"C19403"
"118";"3,4-Dihydroxy-3,4-dihydro-9-fluorenone";"441320";"C07722"
"119";"3,4-Dihydroxy-L-phenylalanine";"6047";"C00355"
"120";"3,4-Dihydroxymandelate";"85782";"C05580"
"121";"3,4-Dihydroxyphenylethyleneglycol";"91528";"C05576"
"122";"3-(4-Hydroxyphenyl)lactate";"9378";"C03672"
"123";"3-(4-Hydroxyphenyl)pyruvate_1";"979";"C01179"
"124";"3,4-Methylenedioxymethamphetamine";"1615";"C07577"
"125";"3',5'-Cyclic AMP";"6076";"C00575"
"126";"3',5'-Cyclic GMP";"24316";"C00942"
"127";"3',5'-Cyclic IMP";"19069";"C00943"
"128";"3,5-Dichloro-4-hydroxyphenylpyruvate";"440297";"C04323"
"129";"3,9-Dihydroxypterocarpan";"162933";"C04271"
"130";"3alpha,7alpha-Dihydroxy-12-oxo-5beta-cholanate_1";"439472";"C01292"
"131";"3-AMINOISOBUTANOATE";"64956";"C05145"
"132";"(3-Arylcarbonyl)-alanine";"412786";"C03450"
"133";"3beta-(Acetyloxy)-5beta-methyl-6beta-chloroestr-9-...";"247856";"C14957"
"134";"3-Butylidene-7-hydroxyphthalide_1";"5281559";"C09921"
"135";"3-Butyn-1-ol";"13566";"C06146"
"136";"3-Dehydroquinate_1";"439351";"C00944"
"137";"3-Dehydroshikimate_1";"439774";"C02637"
"138";"3'-Demethylstaurosporine";"21581287";"C07349"
"139";"3-Dimethylallyl-4-hydroxymandelic acid";"443851";"C12457"
"140";"3-(Dimethylamino)propyl benzoate";"2249229";"C14168"
"141";"(3E)-4-(2-Carboxyphenyl)-2-oxobut-3-enoate";"16730035";"C01275"
"142";"3-Ethoxyandrosta-3,5-dien-17beta-ol propanoate";"251872";"C15057"
"143";"3-Fluoro-1-(4-hydroxyphenyl)-1-propanone";"248906";"C15075"
"144";"3-Fluoro-cis,cis-muconate";"9543395";"C16474"
"145";"3-Fluorocyclohexadiene-cis,cis-1,2-diol-1-carboxyl...";"9543397";"C16478"
"146";"3-Fluoro-D-alanine";"439775";"C02638"
"147";"3-HYDROXY-3-METHYLGLUTARATE";"1662";"C03761"
"148";"3-Hydroxyanthranilate";"86";"C00632"
"149";"3''-Hydroxy-geranylhydroquinone";"25244947";"C18132"
"150";"3-Hydroxyhexobarbital_1";"439898";"C03068"
"151";"3-Hydroxykynurenamine";"440736";"C05636"
"152";"3-HYDROXYKYNURENINE";"89";"C03227"
"153";"3-Hydroxy-L-glutamate";"5460801";"C03066"
"154";"3-(Imidazol-4-yl)-2-oxopropyl phosphate_1";"792";"C01267"
"155";"3-Isopropylcatechol";"16498";"C01014"
"156";"3-Mercaptolactate";"9833951";"C05823"
"157";"3-Methoxybenzyl alcohol_1";"81437";"C03352"
"158";"3-Methyl-19-nor-17alpha-pregna-1,3,5(10)-trien-17-...";"253758";"C15117"
"159";"3-Methyl-2-oxobutanoic acid_1";"49";"C00141"
"160";"3-Methyladenine_1";"1673";"C00913"
"161";"3-Methylbutanamine";"7894";"C02640"
"162";"3-Methyl-cis,cis-hexadienedioate_1";"5280648";"C04112"
"163";"3-Methyleneoxindole_1";"150946";"C02796"
"164";"3-Methylguanine_1";"76292";"C02230"
"165";"3-METHYLHISTAMINE";"69520";"UNKNOWN"
"166";"3-Nitrofluoranthene";"13462";"C14406"
"167";"3-Oxo-delta4-steroid";"439274";"C00619"
"168";"3-Oxododecanoic acid_1";"439717";"C02367"
"169";"3-Phosphonooxypyruvate";"5460375";"C03232"
"170";"(3S,5S)-Carbapenam-3-carboxylic acid_1";"6337945";"C17367"
"171";"3-Sulfocatechol";"9543247";"C06336"
"172";"3-Sulfomuconate";"9543213";"C06675"
"173";"3-UREIDOPROPIONATE";"111";"C02642"
"174";"4-(2-Aminophenyl)-2,4-dioxobutanoate_1";"472";"C01252"
"175";"4-(3-Methylbut-2-enyl)-L-tryptophan";"25200966";"C04290"
"176";"4',5,6,7-Tetramethoxyflavone";"96118";"C14472"
"177";"4,5-Methylenedioxy-6-hydroxyaurone_1";"5281293";"C08722"
"178";"4-Acetamido-2-amino-6-nitrotoluene";"9543177";"C16420"
"179";"4-ACETAMIDOBUTANOATE";"18189";"C02946"
"180";"4-Acetamidobutanoate_1";"6991994";"C02946"
"181";"4a-Hydroxytetrahydrobiopterin";"129803";"C15522"
"182";"4-Amino-1-piperidinecarboxylic acid";"445262";"C16837"
"183";"4-Amino-2-hydroxylamino-6-nitrotoluene";"9543061";"C16403"
"184";"4-Amino-4-deoxychorismate_1";"6857399";"C11355"
"185";"4-Amino-5-hydroxymethyl-2-methylpyrimidine_1";"777";"C01279"
"186";"4-Aminobiphenyl";"7102";"C10998"
"187";"4-(beta-Acetylaminoethyl)imidazole_1";"69602";"C05135"
"188";"4-Bromophenylthiourea_1";"2735620";"C14644"
"189";"4-Chlorobiphenyl";"16323";"C06584"
"190";"4-Chlorophenoxyacetate";"3794534";"C07088"
"191";"4-COUMARATE";"637542";"C06738"
"192";"4'-Demethyldeoxypodophyllotoxin";"160705";"C10552"
"193";"4-Dimethylallyl-L-abrine";"68294649";"C20410"
"194";"4-Fluorocyclohexadiene-cis,cis-1,2-diol_1";"11829464";"C16483"
"195";"4-GUANIDINOBUTANOATE";"500";"C01035"
"196";"4-Heptyloxybenzoic acid_1";"85154";"C14274"
"197";"4-Heptyloxyphenol_1";"25641";"C14236"
"198";"4-Hexyloxyphenol_1";"29354";"C14305"
"199";"4-Hydroxy-2-butynal";"439778";"C02648"
"200";"4-Hydroxy-2-quinolinecarboxylic acid_1";"3845";"C01717"
"201";"4-Hydroxy-3-nitrosobenzamide";"443631";"C12114"
"202";"4'-Hydroxy-3'-prenylacetophenone";"442916";"C10702"
"203";"4-Hydroxybenzoate";"135";"C00156"
"204";"4-Hydroxybutanoic acid_1";"10413";"C00989"
"205";"4-(Hydroxylamino)-N,N-dimethylaniline";"46173248";"C19681"
"206";"4-Hydroxymandelonitrile";"166768";"C00650"
"207";"4-[(Hydroxymethyl)nitrosoamino]-1-(3-pyridinyl)-1-...";"53297437";"C19563"
"208";"4-Hydroxymethylphenylhydrazine";"135538";"C03994"
"209";"4-Hydroxyphenylacetate_1";"127";"C00642"
"210";"4-IMIDAZOLEACETIC ACID";"96215";"C02835"
"211";"4-Imidazolone-5-propanoate";"128";"C03680"
"212";"4-Isopropylbenzaldehyde";"326";"C06577"
"213";"4-Ketocyclophosphamide";"33676";"C07644"
"214";"4-Methyl-2-oxopentanoate_1";"70";"C00233"
"215";"4-Methylene-L-glutamine_1";"439401";"C01109"
"216";"4-Methylthio-2-oxobutanoic acid";"473";"C01180"
"217";"4-Nitro-6-oxohepta-2,4-dienedioate";"50990930";"C20367"
"218";"4-Nitrocatechol";"3505109";"C02235"
"219";"4-Nitrophenol";"980";"C00870"
"220";"4-Nitrophenyl-3-ketovalidamine";"440187";"C03995"
"221";"4-Nitrosobiphenyl";"24971";"C20316"
"222";"4-O-beta-D-Glucosyl-4-hydroxycinnamate";"17756753";"C04415"
"223";"4-Oxocyclohexanecarboxylate_1";"5460131";"C03767"
"224";"4-Oxoproline_1";"107541";"C01877"
"225";"4-Propylphenol_1";"12580";"C14311"
"226";"4-Pyridoxate_1";"6723";"C00847"
"227";"4-Pyridoxolactone_1";"151228";"C00971"
"228";"4-Vinylcyclohexene_1";"7499";"C19310"
"229";"(4Z,7Z,10Z,13Z,16Z,19Z)-Docosahexaenoic acid ethyl...";"9831416";"C16185"
"230";"5-(2-Hydroxyethyl)-4-methylthiazole";"1136";"C04294"
"231";"5-(3'-Carboxy-3'-oxopropenyl)-4,6-dihydroxypicolin...";"54675771";"C05641"
"232";"5-(3-Hydroxy-4-acetoxybut-1-ynyl)-2,2'-bithiophene";"440451";"C04711"
"233";"5,6-Dihydrothymine_1";"93556";"C00906"
"234";"5,6-DIHYDROURACIL";"649";"C00429"
"235";"5a,11a-Dehydrochlortetracycline";"54726727";"C18298"
"236";"5-Acetamidopentanoate_1";"439903";"C03087"
"237";"5-Acetylamino-6-amino-3-methyluracil_1";"88299";"C16366"
"238";"5-Acetylamino-6-formylamino-3-methyluracil";"108214";"C16365"
"239";"5-(alpha-Phenylethyl)semioxamazide";"249877";"C15418"
"240";"5-Amino-4-imidazolecarboxyamide_1";"9679";"C04051"
"241";"5-Amino-4-imidazole carboxylate";"117";"C05516"
"242";"5-Amino-6-(5'-phosphoribosylamino)uracil";"439462";"C01268"
"243";"5-Aminolevulinate_1";"137";"C00430"
"244";"5-Aminopentanamide";"439358";"C00990"
"245";"5-Carboxy-2-oxohept-3-enedioate";"5280642";"C04052"
"246";"5'-Deoxy-5-fluorocytidine_1";"10037499";"C16635"
"247";"5'-DEOXYADENOSINE";"439182";"C05198"
"248";"5-exo-Hydroxy-1,2-campholide";"440138";"C03843"
"249";"5-Guanidino-2-oxopentanoate";"558";"C03771"
"250";"5-Guanidino-3-methyl-2-oxopentanoate";"46173323";"C20234"
"251";"5-Hydroxyindoleacetate_1";"1826";"C05635"
"252";"5-Hydroxyindolepyruvate";"440742";"C05646"
"253";"5-Hydroxyisourate";"250388";"C11821"
"254";"5-Hydroxy-L-tryptophan_1";"439280";"C00643"
"255";"5-Hydroxymethyluracil";"78168";"C03088"
"256";"5-Hydroxypentanoate_1";"5459830";"C02804"
"257";"5-L-Glutamyl-taurine";"68759";"C05844"
"258";"5-Methyl-2'-deoxycytidine";"440055";"C03592"
"259";"5-Methylcytosine_1";"65040";"C02376"
"260";"5-Methyldeoxycytidine diphosphate";"25202224";"C04187"
"261";"5'-Methylthioadenosine";"439176";"C00170"
"262";"5-Methylthio-D-ribose";"10313378";"C03089"
"263";"5-Nitro-ortho-anisidine_1";"7447";"C19469"
"264";"5'-O-beta-D-Glucosylpyridoxine";"440188";"C03996"
"265";"5-Oxo-1,2-campholide";"439864";"C02952"
"266";"5-OXO-L-PROLINE";"7405";"C01879"
"267";"5-Sulfosalicylate_1";"7322";"C16199"
"268";"5-Valerolactone_1";"10953";"C02240"
"269";"6-Acetamido-3-oxohexanoate";"5459937";"C03682"
"270";"6-Acetophenazine-1-carboxylic acid";"443635";"C12120"
"271";"6alpha-Hydroxycortisol";"254633";"C15291"
"272";"6beta-Hydroxy-17beta-estradiol";"440168";"C03935"
"273";"6beta-Hydroxy-D-homo-17a-oxaandrost-4-ene-3,17-dio...";"246484";"C14983"
"274";"6-Carboxy-5,6,7,8-tetrahydropterin";"44123380";"C20239"
"275";"6-Demethylsterigmatocystin";"5280620";"C03683"
"276";"6-Deoxyjacareubin";"5281629";"C10059"
"277";"6-endo-Hydroxycineole_1";"6857383";"C03092"
"278";"6-Hydroxyindolelactate";"440750";"C05657"
"279";"6-Hydroxypseudooxynicotine_1";"439476";"C01297"
"280";"6-Methoxymellein_1";"83412";"C02381"
"281";"6-Methoxytaxifolin";"442419";"C09770"
"282";"6-Oxocineole_1";"112203";"C00848"
"283";"(6S,9R)-Vomifoliol_1";"5280462";"C01760"
"284";"(6Z,9Z,12Z)-Octadecatrienoic acid";"5280933";"C06426"
"285";"7-Aminocephalosporanic acid";"441328";"C07756"
"286";"7-Aminomethyl-7-carbaguanine";"171";"C16675"
"287";"7-Deoxyloganetin";"10262598";"C20790"
"288";"7-Ethoxycoumarin";"35703";"C11052"
"289";"7-Hydroxy-3-(4-methoxyphenyl)-4-propyl-2H-1-benzop...";"5357444";"C15051"
"290";"7-Hydroxymethyl-12-methylbenz[a]anthracene sulfate";"54611";"C19562"
"291";"7-Mercaptoheptanoylthreonine";"24892802";"C16594"
"292";"7-Methyluric acid_1";"69160";"C16355"
"293";"7-Methylxanthine";"68374";"C16353"
"294";"7-Methylxanthosine";"23724732";"C16352"
"295";"(7R)-7-(5-Carboxy-5-oxopentanoyl)aminocephalospori...";"440452";"C04712"
"296";"8-(3,3-Dimethylallyl)spatheliachromene";"441961";"C09002"
"297";"8-Amino-7-oxononanoate_1";"173";"C01092"
"298";"8-Oxoguanine";"65154";"C20155"
"299";"9,12,13-TriHOME";"9858729";"C14833"
"300";"9-Methylthiononanaldoxime";"25010752";"C17253"
"301";"9-Oxononanoic acid_1";"75704";"C16322"
"302";"(9Z,12Z)-(8R)-Hydroxyoctadeca-9,12-dienoic acid_1";"5281117";"C08318"
"303";"(9Z)-(13S)-12,13-Epoxyoctadeca-9,11-dienoic acid_1";"5280703";"C04594"
"304";"(9Z)-(7S,8S)-Dihydroxyoctadecenoic acid_1";"5281030";"C07355"
"305";"Abacavir";"441300";"C07624"
"306";"Abscisate";"5280896";"C06082"
"307";"Acadesine";"17513";"C04663"
"308";"Acanthicifoline";"442503";"C09907"
"309";"Acetone cyanohydrin_1";"6406";"C02659"
"310";"Acetyl adenylate";"440867";"C05993"
"311";"Acetylagmatine";"439661";"C02131"
"312";"Acetylcysteine_1";"12035";"C06809"
"313";"Acetyltropine";"10559369";"C12452"
"314";"Acronycidine";"95708";"C10631"
"315";"Acrylamide";"6579";"C01659"
"316";"Actinidine";"68231";"C09910"
"317";"Acutumidine";"442840";"C10565"
"318";"Acyclovir";"2022";"C06810"
"319";"Adenine";"190";"C00147"
"320";"Adenosine";"60961";"C00212"
"321";"Aethusin";"5281130";"C08395"
"322";"Agaritine";"439516";"C01550"
"323";"Agnuside";"442416";"C09765"
"324";"Alantolactone_1";"72724";"C09289"
"325";"Aldicarb_1";"9570071";"C11015"
"326";"Allidochlor_1";"7157";"C19043"
"327";"Allylestrenol_1";"235905";"C12811"
"328";"alpha-[3-(Nitrosoamino)propyl]-3-pyridinemethanol";"53297442";"C19581"
"329";"ALPHA-AMINOADIPATE";"469";"C00956"
"330";"alpha-Curcumene_1";"442360";"C09649"
"331";"alpha-Fluoro-beta-ureidopropionic acid";"151244";"C16631"
"332";"ALPHA-HYDROXYISOBUTYRIC ACID";"11671";"UNKNOWN"
"333";"alpha-Ionone_1";"5282108";"C12286"
"334";"alpha-Irone_1";"5371002";"C09690"
"335";"alpha-N-Acetylneuraminyl-2,6-beta-D-galactosyl-1,4...";"125128";"C04886"
"336";"alpha-Oxo-benzeneacetic acid_1";"11915";"C02137"
"337";"alpha-Ribazole_1";"160433";"C05775"
"338";"alpha-Santonin";"221071";"C02206"
"339";"alpha-Sinensal_1";"5281534";"C09729"
"340";"AMCC";"4489451";"C11490"
"341";"Aminopyrine";"6009";"C07539"
"342";"Amoxicillin";"33613";"C06827"
"343";"AMPA";"1221";"C13672"
"344";"Amphetamine";"3007";"C07514"
"345";"Anastrozole";"2187";"C08159"
"346";"Ancymidol";"25572";"C18774"
"347";"Androsterone";"5879";"C00523"
"348";"Angelicin";"10658";"C09060"
"349";"Aniline";"6115";"C00292"
"350";"Aniracetam";"2196";"C13355"
"351";"Ankorine";"442166";"C09337"
"352";"Annuloline";"5281816";"C10570"
"353";"Anthopleurine";"24858868";"C16994"
"354";"Anthranilate";"227";"C00108"
"355";"Apigenin";"5280443";"C01477"
"356";"Apigenin 7,4'-dimethyl ether";"5281601";"C10019"
"357";"Apiole_1";"10659";"C10429"
"358";"Apraclonidine";"2216";"C07668"
"359";"Aprobarbital";"6464";"C07826"
"360";"Arbutin";"440936";"C06186"
"361";"Archangelicin";"5281371";"C09116"
"362";"Arg-OEt";"439495";"C01404"
"363";"Aristolochic acid";"2236";"C08469"
"364";"Aromatic aldehyde_1";"240";"C00193"
"365";"Ascorbate";"54670067";"C00072"
"366";"Asparagusate";"16070001";"C01892"
"367";"Aspartame";"134601";"C11045"
"368";"Aspidinol_1";"122841";"C10673"
"369";"Aspulvinone E";"54675753";"C02006"
"370";"Asulam";"18752";"C18350"
"371";"Atheroline";"5360043";"C09343"
"372";"Atractylone";"3080635";"C16919"
"373";"Austrobailignan 1";"325700";"C10546"
"374";"Autumnolide";"442171";"C09346"
"375";"Avizafone";"71968";"C11725"
"376";"Azelaic acid";"2266";"C08261"
"377";"Baicalin";"64982";"C10025"
"378";"Bakankoside";"442506";"C09914"
"379";"Bakkenolide A_1";"442173";"C09350"
"380";"Barbaloin";"14989";"C10305"
"381";"Barbiturate";"6211";"C00813"
"382";"Bay-K-8644";"2303";"C13758"
"383";"Bendiocarb_1";"2314";"C14433"
"384";"Benzamide";"2331";"C09815"
"385";"Benzene_1";"241";"C01407"
"386";"Benzo[a]pyrene-7,8-dihydrodiol-9,10-oxide";"41322";"C14853"
"387";"Benzoate_1";"243";"C00180"
"388";"Benzo[b]naphtho[2,1-d]thiophene_1";"9198";"C20124"
"389";"Benzofuran_1";"9223";"C14512"
"390";"Benzoin_1";"8400";"C01408"
"391";"Benzoyl isothiocyanate";"68284";"C20170"
"392";"Benzyl (2R,3S)-2-methyl-3-hydroxybutanoate";"440386";"C04561"
"393";"Benzyl alcohol_1";"244";"C00556"
"394";"Bergaptol_1";"5280371";"C00758"
"395";"BETA-ALANINE";"239";"C00099"
"396";"beta-Carboline_1";"64961";"C20157"
"397";"beta-Chloro-alpha-phenylbenzeneethanamine hydrochl...";"11954169";"C15411"
"398";"beta-Citryl-L-glutamate";"189741";"C20775"
"399";"beta-Cotonefuran";"441781";"C08740"
"400";"Betagarin";"442261";"C09479"
"401";"BETAINE";"247";"C00719"
"402";"Biochanin A";"5280373";"C00814"
"403";"Biotin";"171548";"C00120"
"404";"Biotin amide";"83831";"C01893"
"405";"Biotin sulfone";"83863";"C20387"
"406";"Biotin sulfoxide";"83833";"C20386"
"407";"Biphenyl-2,3-diol";"254";"C02526"
"408";"Bisphenol A dimethacrylate";"76739";"C14345"
"409";"Bisphenol B";"66166";"C14225"
"410";"Bisthiosemi";"3037919";"C19137"
"411";"Boc-Asn_1";"82035";"C01410"
"412";"Boc-Asn-OPhNO2";"439663";"C02138"
"413";"(+)-Bornane-2,5-dione_1";"20218";"C03037"
"414";"Boschnialactone_1";"442420";"C09772"
"415";"Botrydial";"185781";"C09622"
"416";"Bowdichione";"5281705";"C10202"
"417";"Brugine";"442998";"C10849"
"418";"Buddledin A_1";"5281514";"C09623"
"419";"Bufferin";"2244";"C13400"
"420";"Bufotenine";"10257";"C08299"
"421";"Buspirone_1";"2477";"C06861"
"422";"Butabarbital";"2479";"C07827"
"423";"Butanal_1";"261";"C01412"
"424";"Butanoic acid_1";"20975673";"C00246"
"425";"Butanoylphosphate";"266";"C02527"
"426";"Butoctamide hydrogen succinate_1";"2486";"C12946"
"427";"Butonate";"31343";"C18967"
"428";"Butopyronoxyl";"10760";"C19142"
"429";"Bz-Arg-OEt";"439543";"C01670"
"430";"C20915";"92042781";"C20915"
"431";"Cadaverine";"273";"C01672"
"432";"Caffeine";"2519";"C07481"
"433";"Cajanol";"442670";"C10204"
"434";"Calcium levulinate anhydrous";"11578";"C18380"
"435";"Calystegin B2_1";"443000";"C10851"
"436";"(+)-Camphor_1";"2537";"C00808"
"437";"Capillanol";"5315669";"C17783"
"438";"Capsi-amide";"47346";"C17515"
"439";"Carbetamide";"27689";"C11075"
"440";"Carisoprodol";"2576";"C07927"
"441";"Carpacin_1";"5281763";"C10435"
"442";"(-)-Carvone";"439570";"C01767"
"443";"Castanospermine_1";"54445";"C02256"
"444";"Catechol";"289";"C00090"
"445";"CB3717";"443388";"C11737"
"446";"CBS 113A";"163834";"C14081"
"447";"Cefepime";"5479537";"C08111"
"448";"Centarol";"442349";"C09632"
"449";"Cerulenin_1";"5282054";"C12058"
"450";"Cetraxate";"2680";"C01564"
"451";"Chlorfenac";"6805";"C19114"
"452";"Chlorhexidine";"9552079";"C06902"
"453";"Chloridazon";"15546";"C18570"
"454";"Chloromethiuron";"3034465";"C19026"
"455";"Chlorphenesin carbamate";"2724";"C07930"
"456";"Chlortetracycline";"54675777";"C06571"
"457";"Cholesterol sulfate";"65076";"C18043"
"458";"Choline phosphate";"135437";"C00588"
"459";"Chrysoeriol_1";"5280666";"C04293"
"460";"Cibarian";"100275";"C08473"
"461";"Cinnamaldehyde_1";"637511";"C00903"
"462";"Cinncassiol B";"71448932";"C17648"
"463";"Cinncassiol E";"46173972";"C17659"
"464";"Cinoxacin";"2762";"C08052"
"465";"cis-1,2-Dihydro-3-ethylcatechol_1";"441155";"C06727"
"466";"cis-1,2-Dihydronaphthalene-1,2-diol_1";"440294";"C04314"
"467";"cis-2,3-Dihydro-2,3-dihydroxybiphenyl_1";"5459789";"C06589"
"468";"cis-2,3-Dihydroxy-2,3-dihydro-p-cumate";"9543088";"C06579"
"469";"cis-2-Carboxycyclohexyl-acetic acid_1";"656884";"C14112"
"470";"cis-3,4-Leucopelargonidin";"440073";"C03648"
"471";"cis-4-Carboxymethylenebut-2-en-4-olide_1";"9543248";"C04431"
"472";"cis-Aconitate_1";"643757";"C00417"
"473";"Citalopram propionic acid";"10403174";"C16610"
"474";"CITRAMALATE";"1081";"C00815"
"475";"CITRATE";"311";"C00158"
"476";"Clavamycin D";"59725";"C17364"
"477";"Clavamycin E";"46173893";"C17365"
"478";"Clavulanic acid";"5280980";"C06662"
"479";"Clitidine_1";"182378";"C19977"
"480";"Clopyralid";"15553";"C18779"
"481";"Codeine-6-glucuronide";"5489029";"C16577"
"482";"Codonopsine";"442631";"C10137"
"483";"Coenzyme B";"5486800";"C04628"
"484";"Compactin diol lactone";"173651";"C14183"
"485";"Coniferyl alcohol_1";"1549095";"C00590"
"486";"Coproporphyrin I";"68271";"C05769"
"487";"Corticosterone_1";"5753";"C02140"
"488";"Coumarin_1";"18327169";"C05851"
"489";"Coumestrol";"5281707";"C10205"
"490";"CREATINE";"586";"C00300"
"491";"CREATININE_1";"588";"C00791"
"492";"Crotanecine_1";"394146";"C10284"
"493";"Cuauhtemone_1";"442357";"C09645"
"494";"Cucurbic acid_1";"5281159";"C08482"
"495";"Cumene_1";"7406";"C14396"
"496";"Cupreine";"441075";"C06530"
"497";"Curcumin monoglucoside";"11526601";"C17749"
"498";"Cyanopyrazine";"73172";"C02018"
"499";"Cyclacillin";"19003";"C12766"
"500";"Cyclamate";"7533";"C19378"
"501";"Cycloheptanecarboxylic acid_1";"15091";"C12104"
"502";"Cyclohexane-1,3-dione_1";"10434";"C01066"
"503";"Cyclohexanol";"7966";"C00854"
"504";"Cyclohexanone";"7967";"C00414"
"505";"Cyclohexylamine";"7965";"C00571"
"506";"Cyclokievitone_1";"156777";"C10207"
"507";"Cyclopenta[cd]pyrene";"33743";"C19173"
"508";"Cyclopentanone_1";"8452";"C00557"
"509";"Cyclophosphamide";"2907";"C06933"
"510";"Cyclosulfamuron";"6451137";"C18439"
"511";"Cysteinyldopa";"29719";"C17935"
"512";"Cytidine";"6175";"C00475"
"513";"Cytosine_1";"597";"C00380"
"514";"D-2-Hydroxyisocaproate_1";"439960";"C03264"
"515";"D-Alanyl-D-alanine_1";"5460362";"C00993"
"516";"D-Alanyl-D-serine";"1549438";"C19719"
"517";"DAMGO";"5462471";"C11318"
"518";"Danielone";"146167";"C10674"
"519";"D-Arabinono-1,4-lactone_1";"17723";"C00652"
"520";"D-(-)-ARABINOSE";"66308";"UNKNOWN"
"521";"Dasytrichone";"442586";"C10035"
"522";"Dazomet";"10788";"C18457"
"523";"D-Cathinone_1";"62258";"C08301"
"524";"Debromoaplysiatoxin";"2967";"C05148"
"525";"Dehydroalanine_1";"123991";"C02218"
"526";"Dehydrocycloguanandin";"5281625";"C10055"
"527";"Dehydrojuvabione_1";"85259";"C09657"
"528";"Dehydrovomifoliol_1";"688492";"C02533"
"529";"Deidaclin";"73604";"C08329"
"530";"delta-Guanidinovaleric acid";"160464";"C13688"
"531";"Demethylalangiside";"443418";"C11813"
"532";"Deoxycoformycin";"439693";"C02267"
"533";"Deoxycytidine";"13711";"C00881"
"534";"Deoxyribose";"10786";"C01801"
"535";"Deoxyuridine";"13712";"C00526"
"536";"D-Erythrose";"94176";"C01796"
"537";"Deserpidine";"8550";"C06541"
"538";"Dethiobiotin";"445027";"C01909"
"539";"D-Fructose 6-phosphate";"69507";"C00085"
"540";"D-(+)-GALACTOSAMINE";"318324";"UNKNOWN"
"541";"D-Galactose 6-sulfate";"439386";"C01067"
"542";"D-Gluconic acid";"10690";"C00257"
"543";"D-Glucono-1,5-lactone";"7027";"C00198"
"544";"D-Glucose";"5793";"C00031"
"545";"Diacetyl";"650";"C00741"
"546";"Diamidafos";"15643";"C19035"
"547";"Dianthalexin";"5281158";"C08477"
"548";"Dibasic sodium phosphate";"24203";"C13558"
"549";"Dibenzo[1,4]dioxin-2,3-dione_1";"192833";"C03861"
"550";"Dibenzothiophene_1";"3023";"C20125"
"551";"Dibenzylsuccinate";"7653";"C07332"
"552";"Dibutyl adipate_1";"7784";"C14253"
"553";"Dichloromethane";"6344";"C02271"
"554";"Dichlorophen";"3037";"C14292"
"555";"Dichlozoline";"32253";"C18928"
"556";"Diclomezine";"93341";"C18458"
"557";"Dictamnine";"68085";"C10660"
"558";"Diethanolamine_1";"8113";"C06772"
"559";"Diethyl 2-methyl-3-oxosuccinate";"97750";"C04067"
"560";"Diethylene glycol_1";"8117";"C14689"
"561";"Diethylphosphoric acid";"654";"C06608"
"562";"Diethyl sulfate";"6163";"C14706"
"563";"Difloxacin";"56206";"C11234"
"564";"Digitalose";"192798";"C08235"
"565";"Dihomomethionine";"228215";"C17217"
"566";"Dihydro-4,4-dimethyl-2,3-furandione_1";"39";"C01125"
"567";"Dihydroaceanthrylene";"160539";"C19401"
"568";"Dihydrobiopterin_1";"119055";"C00268"
"569";"Dihydroclavaminic acid";"441125";"C06659"
"570";"Dihydroeuparin";"186059";"C08744"
"571";"Dihydrokaempferol";"122850";"C00974"
"572";"Dihydrolipoate";"421";"C02147"
"573";"Dihydro-O-methylsterigmatocystin";"14608351";"C03944"
"574";"Dihydroxycarbazepine";"83852";"C07495"
"575";"Dihydroxyfumarate";"54678503";"C00975"
"576";"Dihydrozeatin-O-glucoside";"23724755";"C16448"
"577";"Dihydrozeatin riboside";"10522005";"C16447"
"578";"Diisopropyl phthalate_1";"11799";"C14468"
"579";"Diisopropyl sulfate";"18096";"C19230"
"580";"DIMBOA";"2358";"C04720"
"581";"Dimepiperate";"91679";"C14571"
"582";"Dimexano";"15115";"C19118"
"583";"Diphenhydramine_1";"3100";"C06960"
"584";"Diphenylcarbazide";"8789";"C11232"
"585";"Dipropyl disulfide_1";"12377";"C08373"
"586";"dl-Methylephedrine hydrochloride";"13666";"C13639"
"587";"D-Lysopine";"193187";"C04020"
"588";"D-Mannitol 1-phosphate";"23615341";"C00644"
"589";"DMPP";"5911";"C07488"
"590";"D-Octopine";"108172";"C04137"
"591";"Dodecanamide";"14256";"C13831"
"592";"Dodecanedioic acid";"12736";"C02678"
"593";"Dodecylaldehyde";"8194";"C02278"
"594";"Dodemorph";"61899";"C18786"
"595";"Dolichotheline";"168082";"C16696"
"596";"Domoic acid";"5282253";"C13732"
"597";"Dopamine_1";"681";"C03758"
"598";"Dopaquinone_1";"439316";"C00822"
"599";"Drazoxolon_1";"9570206";"C18929"
"600";"D-SORBITOL";"453";"C00794"
"601";"D-Urobilin_1";"5280820";"C05795"
"602";"D-Urobilinogen_1";"440784";"C05791"
"603";"(E)-4-(Trimethylammonio)but-2-enoate";"5462194";"C04114"
"604";"E-64";"123985";"C01341"
"605";"Ectocarpen";"12491370";"C16993"
"606";"Ectoine";"126041";"C06231"
"607";"Efavirenz";"64139";"C08088"
"608";"(+)-Elaeocarpine";"442854";"C10591"
"609";"Encecalin";"114703";"C09005"
"610";"Ephedrine";"9294";"C01575"
"611";"Epithienamycin B";"11723026";"C17396"
"612";"Epithienamycin F";"10365832";"C17399"
"613";"Epoxiconazole";"3317081";"C11229"
"614";"epsilon-Caprolactam";"7768";"C06593"
"615";"erythro-3-Hydroxy-Ls-aspartate";"14463";"C03961"
"616";"Estazolam";"3261";"C06981"
"617";"ETHANOLAMINE PHOSPHATE";"1015";"C00346"
"618";"Ethiofencarb";"34766";"C18649"
"619";"Ethionine_1";"25674";"C11227"
"620";"Ethosuximide";"3291";"C07505"
"621";"Ethyl 3-(N-butylacetamido)propionate_1";"104150";"C18830"
"622";"Ethyl 3-oxohexanoate_1";"238498";"C02975"
"623";"Ethyl cinnamate";"637758";"C06359"
"624";"Ethyl(E,Z)-decadienoate";"5281162";"C08486"
"625";"Ethyl isovalerate";"7945";"C12290"
"626";"Ethyl (R)-3-hydroxyhexanoate";"440150";"C03864"
"627";"Ethyl tiglate_1";"5281163";"C08487"
"628";"Etomidate";"36339";"C07522"
"629";"Europine";"98222";"C10301"
"630";"Euxanthone";"5281631";"C10061"
"631";"Fagaramide";"5281772";"C10455"
"632";"Fagomine";"72259";"C10144"
"633";"Faropenem sodium_1";"23663972";"C13310"
"634";"Fasoracetam";"198695";"C13311"
"635";"Febrifugine";"63224";"C10677"
"636";"Fenoldopam";"3341";"C07693"
"637";"Fenoprofen";"3342";"C06997"
"638";"Fenpiclonil";"91724";"C14268"
"639";"Ferrous lactate_1";"22197";"C17382"
"640";"Flavonol";"11349";"C01495"
"641";"Flucloxacillin";"21319";"C11748"
"642";"Fluorene";"6853";"C07715"
"643";"Fluoroacetamide";"12542";"C18675"
"644";"Forchlorfenuron_1";"93379";"C18604"
"645";"Formetanate";"31099";"C18668"
"646";"Formononetin";"5280378";"C00858"
"647";"FORMYL-L-METHIONYL PEPTIDE";"6995182";"C03145"
"648";"Fortimicin FU-10";"46174014";"C17971"
"649";"Fosetyl";"6328134";"C18401"
"650";"Frutinone A";"441965";"C09008"
"651";"Fuberidazole";"19756";"C18737"
"652";"Fulvine";"73413";"C10304"
"653";"Fumarate";"444972";"C00122"
"654";"Furametpyr";"3083543";"C18503"
"655";"Furfural diethyl acetal_1";"83553";"C14280"
"656";"Furfuryl alcohol_1";"7361";"C20441"
"657";"Furmecyclox_1";"43359";"C18912"
"658";"Fusarin C";"6435894";"C19243"
"659";"gamma-Coniceine";"442632";"C10138"
"660";"gamma-Glutamyl-beta-aminopropiononitrile_1";"440920";"C06114"
"661";"gamma-Glutamyl-gamma-aminobutyraldehyde_1";"23724544";"C15700"
"662";"gamma-Glutamyltyramine";"10214674";"C20926"
"663";"gamma-L-Glutamyl-L-cysteine";"123938";"C00669"
"664";"gamma-L-Glutamyl-L-cysteinyl-beta-alanine";"7098648";"C04544"
"665";"gamma-Undecalactone";"7714";"C08571"
"666";"Gemfibrozil_1";"3463";"C07020"
"667";"Genipin_1";"442424";"C09780"
"668";"Gentiopicrin";"88708";"C09782"
"669";"Geranyl formate";"5282109";"C12294"
"670";"Gerrardine";"442637";"C10147"
"671";"Gibberellin A8";"440051";"C03579"
"672";"Gigantine";"442237";"C09445"
"673";"Ginkgolide B";"6324617";"C07602"
"674";"Ginkgolide C";"161120";"C07603"
"675";"Glaucarubinone";"441796";"C08763"
"676";"Gliotoxin";"6223";"C10595"
"677";"Glutarate";"743";"C00489"
"678";"Glutathionylaminopropylcadaverine";"24892796";"C16566"
"679";"Glyburide";"3488";"C07022"
"680";"Glycerol_1";"753";"C00116"
"681";"Glycerone";"670";"C00184"
"682";"GLYCINE";"750";"C00037"
"683";"Glycocholate";"10140";"C01921"
"684";"Glycyl-leucine_1";"92843";"C02155"
"685";"Glyphosate-isopropylammonium";"38078";"C18564"
"686";"Gossypetin";"5280647";"C04109"
"687";"Guanadrel";"38521";"C07035"
"688";"GUANIDINOACETATE";"763";"C00581"
"689";"Guanidinoethyl methyl phosphate_1";"25202957";"C04071"
"690";"GUANINE";"764";"C00242"
"691";"Guanosine";"6802";"C00387"
"692";"HC Blue No.1";"17734";"C19247"
"693";"HC Blue No. 2";"36383";"C19429"
"694";"Heliotrine_1";"906426";"C10324"
"695";"Helveticoside";"441860";"C08869"
"696";"Heptadecatrienoic acid";"16061034";"C16344"
"697";"Hercynine";"5459798";"C05575"
"698";"Hesperetin";"72281";"C01709"
"699";"Heterodendrin_1";"181804";"C08332"
"700";"Hexadecasphinganine";"656816";"C13915"
"701";"Hexahomomethionine";"46878444";"C17233"
"702";"Hexylamine";"8102";"C08306"
"703";"Hinokitiol glucoside";"9949234";"C15451"
"704";"Hippurate";"464";"C01586"
"705";"Histamine";"774";"C00388"
"706";"Homoarginine";"9085";"C01924"
"707";"Homocarnosine";"10243361";"C00884"
"708";"Homogentisate_1";"780";"C00544"
"709";"Homostachydrine_1";"441447";"C08283"
"710";"Hydantoin-5-propionate_1";"782";"C05565"
"711";"Hydrocortisone succinate";"16623";"C12888"
"712";"(-)-Hygroline";"442642";"C10152"
"713";"Hymexazol O-glucoside";"443069";"C11102"
"714";"Hyoscyamine methylbromide";"17882";"C13109"
"715";"Hypaphorine";"442106";"C09213"
"716";"HYPOXANTHINE";"790";"C00262"
"717";"Hypoxylone";"442747";"C10355"
"718";"Ibuprofen";"3672";"C01588"
"719";"Ifosfamide";"3690";"C07047"
"720";"Imazosulfuron";"92433";"C18443"
"721";"Imidazol-5-yl-pyruvate_1";"794";"C03277"
"722";"Iminoglycine_1";"3080609";"C15809"
"723";"Indan-1-ol_1";"22819";"C01710"
"724";"Indanofan";"11046097";"C18470"
"725";"Indole";"798";"C00463"
"726";"Indole-3-acetaldehyde_1";"800";"C00637"
"727";"Indole-3-acetaldoxime N-oxide";"46173868";"C17204"
"728";"Indole-3-acetate_1";"802";"C00954"
"729";"Indole-5,6-quinone_1";"440728";"C05579"
"730";"Indolelactate_1";"92904";"C02043"
"731";"Indospicine";"108010";"C08288"
"732";"Inosine";"6021";"C00294"
"733";"Inulicin";"442263";"C09483"
"734";"Iprovalicarb";"16212118";"C18866"
"735";"Irisxanthone";"5281637";"C10067"
"736";"Isobutyronitrile_1";"6559";"C02420"
"737";"ISOCITRIC ACID";"1198";"C00311"
"738";"Isoetharine";"3762";"C07053"
"739";"Isofenphos";"32872";"C11002"
"740";"Isoflavone";"72304";"C00799"
"741";"Isoflurophate_1";"5936";"C00202"
"742";"Isopentenyl diphosphate_1";"1195";"C00129"
"743";"Isoprothiolane";"39681";"C11111"
"744";"Isoquinoline_1";"8405";"C06323"
"745";"Isoscoparine";"442611";"C05990"
"746";"Isosorbide mononitrate";"27661";"C07714"
"747";"Isouron";"41648";"C18432"
"748";"Isovalerylcarnitine";"6426851";"C20826"
"749";"Isoxanthopterin";"10729";"C03975"
"750";"Istamycin C1";"46174030";"C17996"
"751";"Istamycin FU-10";"46174023";"C17981"
"752";"Jasmone_1";"1549018";"C08490"
"753";"(-)-Jasmonic acid";"5281166";"C08491"
"754";"Jatrophatrione";"5281372";"C09119"
"755";"Kievitone";"119269";"C01590"
"756";"Kikkanol A";"10706137";"C17603"
"757";"Kurarinol";"44563198";"C17444"
"758";"L-2,3-Dihydrodipicolinate";"5460228";"C03340"
"759";"L-2-Amino-4-(hydroxymethylphosphinyl)butanoate";"91619";"C04650"
"760";"L-2-Aminoadipate";"92136";"C00956"
"761";"L-Adrenaline_1";"5816";"C00788"
"762";"L-ALLOTHREONINE";"99289";"C05519"
"763";"Lamioside";"443328";"C11645"
"764";"L-ARGININE";"6322";"C00062"
"765";"L-Arogenate_1";"25244469";"C00826"
"766";"L-Aspartate";"5960";"C00049"
"767";"L-Aspartate 4-semialdehyde";"439235";"C00441"
"768";"Latia luciferin_1";"5280505";"C02293"
"769";"L-CARNITINE";"288";"UNKNOWN"
"770";"L-Citrulline";"9750";"C00327"
"771";"L-Cladinose_1";"5460588";"C11917"
"772";"L-Cysteine";"594";"C00097"
"773";"LEUCINE";"6106";"C00123"
"774";"Leukotriene A4";"5280383";"C00909"
"775";"Levamisole hydrochloride";"27944";"C07906"
"776";"Levetiracetam_1";"5284583";"C07841"
"777";"L-Formylkynurenine_1";"439788";"C02700"
"778";"L-Glutamate";"33032";"C00025"
"779";"L-Glutamine";"5961";"C00064"
"780";"L-HISTIDINE";"6274";"C00135"
"781";"L-Histidinol";"165271";"C00860"
"782";"L-Homocitrulline_1";"65072";"C02427"
"783";"Lichenin_1";"439241";"C00478"
"784";"L-Iduronate 2-sulfate";"439915";"C03126"
"785";"(-)-Limonene_1";"439250";"C00521"
"786";"Linamarin";"11128";"C01594"
"787";"Lindheimerine";"441744";"C08695"
"788";"Linoleate";"5280450";"C01595"
"789";"Linuron";"9502";"C11007"
"790";"Lipoamide";"863";"C00248"
"791";"Liriodenine";"10144";"C09567"
"792";"L-Kynurenine";"161166";"C00328"
"793";"LL-2,6-Diaminoheptanedioate_1";"865";"C00666"
"794";"L-Lysinamide";"439605";"C01930"
"795";"L-LYSINE";"5962";"C00047"
"796";"L-Lysine 1,6-lactam";"440599";"C02837"
"797";"L-Metanephrine_1";"688084";"C05588"
"798";"L-Methionine";"6137";"C00073"
"799";"L-Methionine S-oxide";"158980";"C02989"
"800";"L-Mimosine_1";"440473";"C04771"
"801";"L-Octanoylcarnitine";"11953814";"C02838"
"802";"Lophophorine";"28654";"C09573"
"803";"L-ORNITHINE";"6262";"C00077"
"804";"L-Phenylalanine_1";"6140";"C00079"
"805";"L-Pipecolate";"439227";"C00408"
"806";"L-Proline";"145742";"C00148"
"807";"L-SERINE";"5951";"C00065"
"808";"L-Threonine";"6288";"C00188"
"809";"L-Tryptophan";"6305";"C00078"
"810";"L-Tryptophanamide";"439356";"C00977"
"811";"L-Tyrosine_1";"6057";"C00082"
"812";"L-Tyrosine methyl ester_1";"70652";"C03404"
"813";"L-Tyrosine methyl ester 4-sulfate";"21145083";"C04201"
"814";"Lumichrome";"5326566";"C01727"
"815";"L-Urobilin";"5280818";"C05793"
"816";"Luteolin";"5280445";"C01514"
"817";"L-Valine";"6287";"C00183"
"818";"Maclurin";"68213";"C09951"
"819";"Maleimide";"10935";"C07272"
"820";"Mallotophenone";"179090";"C10708"
"821";"MANNOSE";"18950";"C00159"
"822";"m-Chlorophenylpiperazine";"1355";"C11738"
"823";"(+)-Medicarpin";"73067";"C01729"
"824";"Melamine";"7955";"C08737"
"825";"Melicopine";"68433";"C10724"
"826";"Menadiol_1";"10209";"C07126"
"827";"Menadione";"4055";"C05377"
"828";"Menadione sodium bisulfite";"23665888";"C18378"
"829";"(-)-Menthone_1";"26447";"C00843"
"830";"(-)-Menthyl acetate_1";"27867";"C09870"
"831";"Meperidine";"4058";"C07128"
"832";"Mescaline_1";"4076";"C06546"
"833";"Metaxalone_1";"15459";"C07934"
"834";"Metazachlor";"49384";"C10948"
"835";"Meteloidine";"5281864";"C10861"
"836";"Methamphetamine";"10836";"C07164"
"837";"Methasulfocarb";"93362";"C18746"
"838";"Methohexital";"9034";"C07844"
"839";"Methyl 2-diazoacetamidohexonate";"439447";"C01223"
"840";"METHYL BETA-D-GALACTOSIDE";"94214";"C03619"
"841";"Methyldopa anhydrous_1";"38853";"C07194"
"842";"Methyleugenol_1";"7127";"C10454"
"843";"Methyl farnesoate_1";"5275508";"C16503"
"844";"METHYLMALONATE";"487";"C02170"
"845";"Methyltrienolone";"261000";"C14257"
"846";"Metipranolol";"31477";"C07915"
"847";"Metoprolol";"4171";"C07202"
"848";"Metronidazole";"4173";"C07203"
"849";"Mexiletine";"4178";"C07220"
"850";"Midazolam_1";"4192";"C07524"
"851";"Midodrine_1";"4195";"C07890"
"852";"Miotine_1";"46093";"C11763"
"853";"Miraxanthin-II";"5281201";"C08555"
"854";"Montanin A";"442061";"C09136"
"855";"Monuron";"8800";"C19087"
"856";"MTIC";"5463137";"C16250"
"857";"Mukaadial";"159088";"C09702"
"858";"MYO-INOSITOL";"892";"C00137"
"859";"Myriocin_1";"6438394";"C19914"
"860";"Myristoleic acid_1";"5281119";"C08322"
"861";"N1-Acetylspermidine_1";"496";"C00612"
"862";"N1-Acetyl-tabtoxinine-beta-lactam";"92042784";"C20921"
"863";"N1-Methyl-2-pyridone-5-carboxamide";"69698";"C05842"
"864";"N1,N12-Diacetylspermine";"132680";"C03413"
"865";"N2'-Acetylgentamicin C1a";"16069998";"C03524"
"866";"N2-Acetyl-L-aminoadipate_1";"443992";"C12986"
"867";"N2-Citryl-N6-acetyl-N6-hydroxy-L-lysine";"56927962";"C20333"
"868";"N-(2-Methoxyphenyl)-N'-(2-naphtyl)urea";"443080";"C11163"
"869";"N-(3-Oxododecanoyl)homoserine lactone";"127864";"C11840"
"870";"N-(3-Oxohexanoyl)homoserine lactone";"119133";"C11839"
"871";"N-(3-Oxooctanoyl)homoserine lactone";"127293";"C11841"
"872";"N6-Acetyl-N6-hydroxy-L-lysine";"128888";"C03955"
"873";"N-(6-Aminohexanoyl)-6-aminohexanoate_1";"5245705";"C01255"
"874";"N6-Methyl-L-lysine_1";"164795";"C02728"
"875";"N6,N6-Dimethyladenosine";"440004";"C03416"
"876";"N-Acetoxy-4-aminobiphenyl";"189661";"C03621"
"877";"N-Acetylaspartylglutamate";"188803";"C12270"
"878";"N-Acetyl-D-fucosamine";"11954186";"C15480"
"879";"N-ACETYL-D-GALACTOSAMINE";"35717";"C01132"
"880";"N-Acetyl-D-glucosaminate";"16126799";"C01133"
"881";"N-ACETYL-DL-GLUTAMIC ACID";"185";"UNKNOWN"
"882";"N-ACETYL-DL-SERINE";"352294";"UNKNOWN"
"883";"N-Acetyl-D-tryptophan";"439917";"C03137"
"884";"N-ACETYL-L-ASPARTIC ACID";"65065";"C01042"
"885";"N-Acetyl-L-citrulline";"656979";"C15532"
"886";"N-Acetyl-L-glutamate_1";"70914";"C00624"
"887";"N-Acetyl-L-glutamate 5-semialdehyde_1";"192878";"C01250"
"888";"N-Acetyl-L-histidine_1";"75619";"C02997"
"889";"N-Acetyl-L-phenylalanine_1";"74839";"C03519"
"890";"N-Acetylmethionine_1";"448580";"C02712"
"891";"N-Acetylmuramic acid 6-phosphate";"24798720";"C16698"
"892";"N-ACETYLNEURAMINATE";"439197";"C00270"
"893";"N-Acetylornithine_1";"439232";"C00437"
"894";"N-(Acetyloxy)benzenamine_1";"153367";"C02709"
"895";"N-ACETYLPUTRESCINE";"122356";"C02714"
"896";"N(alpha)-Benzyloxycarbonyl-L-leucine_1";"74840";"C04335"
"897";"N-Amidino-L-glutamate";"135313";"C03140"
"898";"Naphthalene-1,2-diol";"11318";"C03012"
"899";"Naringenin";"439246";"C00509"
"900";"Naringenin 7-O-beta-D-glucoside";"92794";"C09099"
"901";"N-Benzyloxycarbonylglycine";"14349";"C03710"
"902";"NBMPR";"65407";"C20439"
"903";"N-Caffeoylputrescine";"5280559";"C03002"
"904";"N-Carbamoyl-L-aspartate";"93072";"C00438"
"905";"N-Carbamyl-L-glutamate";"121396";"C05829"
"906";"N-Cyclohexylformamide_1";"13017";"C11519"
"907";"N-Cyclopropylammeline";"6321196";"C14148"
"908";"n-Decanohydroxamic acid_1";"142752";"C12889"
"909";"N-D-Glucosylarylamine_1";"439919";"C03142"
"910";"N-Dimethyl-2-aminoethylphosphonate";"97588";"C05680"
"911";"Nebularine";"68368";"C01736"
"912";"Neopterin_1";"4455";"C05926"
"913";"Neostigmine bromide";"8246";"C08197"
"914";"NEPSILON,NEPSILON,NEPSILON-TRIMETHYLLYSINE";"440120";"C03793"
"915";"N-Ethylmaleimide-S-glutathione";"126950";"C11370"
"916";"Netilmicin";"441306";"C07657"
"917";"Nevirapine_1";"4463";"C07263"
"918";"N-Feruloylglycine";"25245295";"C02564"
"919";"N-Formimino-L-aspartate";"440000";"C03409"
"920";"N-Formimino-L-glutamate";"439233";"C00439"
"921";"N-Formyl-4-amino-5-aminomethyl-2-methylpyrimidine";"597195";"C19872"
"922";"N-Formyl-L-aspartate";"5460069";"C01044"
"923";"N-Guanylhistamine";"167717";"C07454"
"924";"N-Heptanoylhomoserine lactone";"443437";"C11844"
"925";"N-Hydroxy-4-aminobiphenyl";"81261";"C03622"
"926";"N-Hydroxy-L-valine";"22859863";"C20313"
"927";"Nicarbazin";"9507";"C18389"
"928";"Nicotianamine";"9882882";"C05324"
"929";"Nicotinamide";"936";"C00153"
"930";"Nicotine";"89594";"C00745"
"931";"Nicotinurate";"68499";"C05380"
"932";"Nicotyrine_1";"10249";"C10161"
"933";"Nifedipine";"4485";"C07266"
"934";"Nifuradene";"9568055";"C19272"
"935";"Nifurthiazole";"3607071";"C19240"
"936";"N-Isopropylammelide_1";"441083";"C06553"
"937";"Nithiazide";"8776";"C19468"
"938";"Nitralin";"20848";"C19064"
"939";"Nitramine";"10178";"C10163"
"940";"Nitrovin";"6252910";"C19487"
"941";"N-(L-Arginino)succinate";"16950";"C03406"
"942";"N-Methyl-2-pyrrolidinone_1";"13387";"C11118"
"943";"N-Methylaniline";"7515";"C02299"
"944";"N-Methylethanolamine phosphate";"25201132";"C01210"
"945";"N-Methylhexanamide_1";"439790";"C02722"
"946";"N-Methylpelletierine_1";"86786";"C06184"
"947";"N-Methyl-(R,S)-tetrahydrobenzylisoquinoline";"440630";"C05314"
"948";"N-Methyltryptamine";"6088";"C06213"
"949";"N-Monomethyl-2-aminoethylphosphonate";"281241";"C05679"
"950";"N,N-Dihydroxy-L-tyrosine";"5461147";"C15503"
"951";"N,N'-Dimethylurea";"7293";"C16364"
"952";"N'-Nitrosoanabasine";"14335";"C19477"
"953";"N'-Nitrosoanatabine";"51291";"C19478"
"954";"N-Nitrosodiethylamine";"5921";"C14422"
"955";"N-Nitrosodi-n-butylamine_1";"13542";"C19277"
"956";"N-Nitrosoguvacoline";"62103";"C19482"
"957";"N-Nitrosopiperidine";"7526";"C19284"
"958";"N-Nitrosoproline";"24141";"C19485"
"959";"Nona-2,6-dienal";"643731";"C08499"
"960";"Nonane-4,6-dione_1";"26454";"C02445"
"961";"Nonanoic acid_1";"8158";"C01601"
"962";"(+)-Norephedrine_1";"26934";"C02343"
"963";"Northienamycin_1";"132448";"C17369"
"964";"N(PAI)-METHYL-L-HISTIDINE";"64969";"C01152"
"965";"N-((R)-Pantothenoyl)-L-cysteine_1";"440217";"C04079"
"966";"N-Succinyl-L-glutamate";"440847";"C05931"
"967";"N-Succinyl-LL-2,6-diaminoheptanedioate";"440333";"C04421"
"968";"N-Sulfo-D-glucosamine_1";"453619";"C01075"
"969";"N-Trimethyl-2-aminoethylphosphonate_1";"1014";"C06459"
"970";"Nupharamine";"10911986";"C17464"
"971";"N-Vinyl-2-pyrrolidone_1";"6917";"C19548"
"972";"Oblongolide_1";"176630";"C09519"
"973";"O-Butanoylcarnitine";"213144";"C02862"
"974";"O-Carbamoyl-L-serine";"439881";"C03015"
"975";"Octylamine";"8143";"C01740"
"976";"O-Decanoyl-L-carnitine";"11953821";"C03299"
"977";"Omethoate";"14210";"C18662"
"978";"O-Phospho-L-homoserine";"151187";"C01102"
"979";"O-Propanoylcarnitine_1";"188824";"C03017"
"980";"Orcinol_1";"10436";"C00727"
"981";"ortho-Anisidine";"7000";"C19191"
"982";"Oryzalin";"29393";"C18877"
"983";"Oseltamivir";"65028";"C08092"
"984";"O-Succinyl-L-homoserine";"439406";"C01118"
"985";"Otonecine_1";"5281740";"C10356"
"986";"Oxidized Latia luciferin_1";"519382";"C03527"
"987";"Oxidized Oplophorus luciferin";"5326781";"C15038"
"988";"Ozagrel hydrochloride";"6438130";"C13144"
"989";"p-Aminobenzamidine dihydrochloride";"75626";"C11628"
"990";"Panfuran S";"6414792";"C19289"
"991";"Pantothenate";"988";"C00864"
"992";"Pantothenol";"131204";"C05944"
"993";"Paramethadione_1";"8280";"C07411"
"994";"Parsonsine";"15060933";"C10357"
"995";"p-Benzoquinone";"4650";"C00472"
"996";"p-Benzosemiquinone";"46173720";"C02389"
"997";"p-Cumate_1";"3417835";"C06578"
"998";"p-Cymene_1";"7463";"C06575"
"999";"Pendimethalin";"38479";"C11019"
"1000";"Penicillenic acid_1";"44146921";"C11747"
"1001";"Pentahomomethionine";"46878443";"C17229"
"1002";"Pentalenene";"194140";"C01841"
"1003";"Pentanoate_1";"7991";"C00803"
"1004";"Pentobarbital_1";"4737";"C07422"
"1005";"Phaseollidin";"119268";"C05230"
"1006";"Phaseollidin hydrate";"440593";"C05229"
"1007";"Phenacetin_1";"4754";"C07591"
"1008";"Phenanthrene-4,5-dicarboxylate";"95075";"C18252"
"1009";"Phendimetrazine_1";"12460";"C07904"
"1010";"Phenmetrazine";"4762";"C07432"
"1011";"Phenol";"996";"C00146"
"1012";"Phenolphthalin";"66494";"C14223"
"1013";"Phensuximide";"6839";"C07437"
"1014";"Phenylacetaldehyde_1";"998";"C00601"
"1015";"Phenyl acetate_1";"31229";"C00548"
"1016";"Phenylacetylglutamine";"92258";"C04148"
"1017";"Phenylamil";"4755";"C13752"
"1018";"Phenylethyl alcohol_1";"6054";"C05853"
"1019";"Phenylpyruvate_1";"997";"C00166"
"1020";"Phosphamidon";"3032604";"C18689"
"1021";"Phosphoagmatine";"72734288";"C02726"
"1022";"Phosphocreatine_1";"587";"C02305"
"1023";"Phosphoenolpyruvate";"1005";"C00074"
"1024";"Photinus luciferin";"25245427";"C02740"
"1025";"Phthalate_1";"1017";"C01606"
"1026";"p-Hydroxyphenylacetothiohydroximate_1";"46173870";"C17239"
"1027";"Phytuberin";"442387";"C09709"
"1028";"Piceatannol";"667639";"C05901"
"1029";"Pilocarpine";"5910";"C07474"
"1030";"Pimelate_1";"385";"C02656"
"1031";"Pimozide";"16362";"C07566"
"1032";"PIPECOLATE";"849";"C00408"
"1033";"Piperazine adipate";"8905";"C13811"
"1034";"Piperidione_1";"6465";"C17730"
"1035";"Pirbuterol";"4845";"C07807"
"1036";"Podocarpic acid";"93017";"C09171"
"1037";"Podophyllotoxone";"443014";"C10875"
"1038";"Porphobilinogen_1";"1021";"C00931"
"1039";"Potassium dibasic phosphate";"24450";"C13197"
"1040";"Potassium sulfate";"24507";"C13192"
"1041";"Precocene II_1";"12565";"C09018"
"1042";"Pregnan-21-al";"439338";"C00891"
"1043";"Pregnenolone";"8955";"C01953"
"1044";"Prenyl caffeate";"5281790";"C10487"
"1045";"Procarbazine";"4915";"C07402"
"1046";"Proclavaminic acid_1";"194953";"C06658"
"1047";"Progesterone";"5994";"C00410"
"1048";"Proglinazine";"14621415";"C19105"
"1049";"Promacyl";"36733";"C18955"
"1050";"Propane-1,2-diol";"1030";"C00583"
"1051";"Propanoate_1";"1032";"C00163"
"1052";"Propiomazine";"4940";"C07405"
"1053";"Propofol";"4943";"C07523"
"1054";"Propyl cinnamate_1";"5270647";"C06360"
"1055";"Propynoate";"10110";"C00804"
"1056";"Prosulfocarb";"62020";"C18760"
"1057";"Prosulfuron";"91751";"C10950"
"1058";"Prothiocarb";"29697";"C18943"
"1059";"Protopine";"4970";"C05189"
"1060";"Protoporphyrinogen IX";"121893";"C01079"
"1061";"Pseudopelletierine";"11096";"C10865"
"1062";"Psicofuranine_1";"65086";"C05342"
"1063";"Pterin";"73000";"C00715"
"1064";"Pulcherriminic acid";"3083664";"C20515"
"1065";"PUTRESCINE";"1045";"C00134"
"1066";"p-Xylene_1";"7809";"C06756"
"1067";"Pymetrozine";"9576037";"C18590"
"1068";"Pyocyanine";"6817";"C01748"
"1069";"Pyrazinamide";"1046";"C01956"
"1070";"Pyrazinoic acid";"1047";"C19915"
"1071";"Pyridine";"1049";"C00747"
"1072";"Pyridoxal";"1050";"C00250"
"1073";"Pyridoxamine";"1052";"C00534"
"1074";"Pyridoxine_1";"1054";"C00314"
"1075";"Pyruvate_1";"1060";"C00022"
"1076";"Pyruvate oxime";"6400629";"C02193"
"1077";"Quercitrin";"5280459";"C01750"
"1078";"Quinolinate";"1066";"C03722"
"1079";"(R)-2,3-Dihydroxypropane-1-sulfonate";"49852441";"C19675"
"1080";"(R)-2-Hydroxybutane-1,2,4-tricarboxylate_1";"20849228";"C01251"
"1081";"Radium-226";"9877911";"C16456"
"1082";"Reduced FMN";"445395";"C01847"
"1083";"Resveratrol_1";"445154";"C03582"
"1084";"Retinoate";"444795";"C00777"
"1085";"Retinol";"445354";"C00473"
"1086";"Retronecine_1";"10198";"C06177"
"1087";"Rhein";"10168";"C10401"
"1088";"Rhododendrin";"442538";"C09965"
"1089";"(R)-(Homo)2-citrate";"24892801";"C16583"
"1090";"(R)-(Homo)3-citrate_1";"24892804";"C16598"
"1091";"Riboflavin";"493570";"C00255"
"1092";"Ricinine";"10666";"C01526"
"1093";"Rilmenidine";"68712";"C11120"
"1094";"Ripazepam";"33474";"C19518"
"1095";"Rishitin";"108064";"C09715"
"1096";"(R)-Mevalonate_1";"439230";"C00418"
"1097";"Robustaol A";"442541";"C09968"
"1098";"Ruscopine";"441579";"C08510"
"1099";"(S)-2,3,4,5-Tetrahydropyridine-2-carboxylate";"24771808";"C00450"
"1100";"S-(2-Chloroacetyl)glutathione";"163913";"C14864"
"1101";"(S)-2-Chloropropanoate";"6999783";"C20608"
"1102";"S-(2-Hydroxyethyl)-N-acetyl-L-cysteine";"108009";"C14876"
"1103";"(S)-6-Hydroxynicotine_1";"439383";"C01056"
"1104";"S-Acetyldihydrolipoamide";"1076";"C01136"
"1105";"S-Acetylphosphopantetheine_1";"440096";"C03725"
"1106";"S-Adenosyl-L-homocysteine";"439155";"C00021"
"1107";"Sakuranin";"348162";"C17391"
"1108";"S-Allyl-L-cysteine_1";"9793905";"C16759"
"1109";"(S)-ATPA_1";"447407";"C13733"
"1110";"Savinin";"5281867";"C10880"
"1111";"(S)-beta-Methylindolepyruvate";"440163";"C03914"
"1112";"Scopoletin_1";"5280460";"C01752"
"1113";"Scorpioidin";"11953939";"C09548"
"1114";"Scytalone_1";"3477029";"C00779"
"1115";"(S)-Dihydroorotate";"439216";"C00337"
"1116";"Sebacic acid_1";"5192";"C08277"
"1117";"Semicarbazide hydrochloride";"11236";"C19521"
"1118";"Sepiapterin";"5200";"C00835"
"1119";"Sergeolide";"134025";"C08782"
"1120";"Serotonin";"5202";"C00780"
"1121";"Shikimate_1";"8742";"C00493"
"1122";"S-(Hydroxyphenylacetothiohydroximoyl)-L-cysteine_1";"46173869";"C17238"
"1123";"Sinapyl alcohol";"5280507";"C02325"
"1124";"Slaframine";"88363";"C06185"
"1125";"S-Methyl-1-thio-D-glycerate";"440126";"C03804"
"1126";"sn-Glycero-3-phosphocholine";"657272";"C00670"
"1127";"Sodium ortho-phenylphenate";"23675735";"C19298"
"1128";"Sodium salicylate";"16760658";"C07587"
"1129";"Sodium sulfate";"24436";"C13199"
"1130";"Sorgolactone";"5281395";"C09186"
"1131";"Spectinomycin dihydrochloride";"64740";"C11619"
"1132";"Spermidine";"1102";"C00315"
"1133";"S-(Phenylacetothiohydroximoyl)-L-cysteine";"25246415";"C17237"
"1134";"S-Ribosyl-L-homocysteine_1";"24798681";"C03539"
"1135";"S,S-Dimethyl-beta-propiothetin";"23736";"C04022"
"1136";"S-Succinyldihydrolipoamide";"11953795";"C01169"
"1137";"Stearidonic acid";"5312508";"C16300"
"1138";"Sterigmatocystin";"5280389";"C00961"
"1139";"Streptobiosamine_1";"20056682";"C07655"
"1140";"Strigolactone ABC-rings_1";"46174042";"C18036"
"1141";"Stylopine";"6770";"C05175"
"1142";"Styrene";"7501";"C07083"
"1143";"Suberic acid_1";"10457";"C08278"
"1144";"Succinate_1";"1110";"C00042"
"1145";"Succinic anhydride_1";"7922";"C19524"
"1146";"Succinimide";"11439";"C07273"
"1147";"Succinylproline_1";"194156";"C11711"
"1148";"Sulbactam";"130313";"C07770"
"1149";"Sulbactam sodium";"23663973";"C14001"
"1150";"Sulcatone_1";"9862";"C07287"
"1151";"Sulfoquinovose_1";"10880539";"C20829"
"1152";"(-)-Sympatol";"854067";"C01869"
"1153";"Syringin";"5316860";"C01533"
"1154";"Tabtoxin";"107817";"C20917"
"1155";"Tabtoxinine-beta-lactam";"115314";"C20918"
"1156";"Taurine";"1123";"C00245"
"1157";"Tauropine_1";"3082376";"C01616"
"1158";"Tebuconazole_1";"86102";"C18489"
"1159";"Temazepam";"5391";"C07125"
"1160";"Terbutaline_1";"5403";"C07129"
"1161";"Testolate";"439534";"C01618"
"1162";"Testololactone";"160753";"C04676"
"1163";"Testosterone glucuronide";"108192";"C11134"
"1164";"Tetrahomomethionine";"46878442";"C17225"
"1165";"Tetrahydrocortisone";"5866";"C05470"
"1166";"Tetralin_1";"8404";"C14114"
"1167";"Tetraneurin A";"174868";"C09559"
"1168";"Thalidomide";"5426";"C07910"
"1169";"Theophylline_1";"2153";"C07130"
"1170";"Thiamphenicol";"27200";"C12853"
"1171";"Thidiazuron_1";"40087";"C18812"
"1172";"Thiobenzamide S,S-dioxide";"11949595";"C16285"
"1173";"Thiomorpholine 3-carboxylate";"440159";"C03901"
"1174";"Thiorphan";"3132";"C01619"
"1175";"THTA";"443065";"C11072"
"1176";"Thymidine";"5789";"C00214"
"1177";"THYMINE_1";"1135";"C00178"
"1178";"Thymyl acetate_1";"68252";"C09909"
"1179";"Tioconazole";"5482";"C08082"
"1180";"Tocainide";"38945";"C07142"
"1181";"Toluene_1";"1140";"C01455"
"1182";"Toluene-cis-dihydrodiol_1";"1141";"C04592"
"1183";"Topiramate";"5284627";"C07502"
"1184";"Tos-Arg-CH2Cl";"439646";"C02087"
"1185";"Tos-Lys-CH2Cl";"73094";"C00896"
"1186";"trans-1,2-Dichloroethene";"638186";"C06791"
"1187";"trans-4-Hydroxycyclohexanecarboxylate";"19034555";"C04404"
"1188";"TRANS-4-HYDROXYPROLINE";"11137200";"C04397"
"1189";"TRANS-CINNAMATE";"444539";"C00423"
"1190";"trans,trans-Farnesyl phosphate";"10357552";"C20121"
"1191";"Tranylcypromine";"19493";"C07155"
"1192";"Traumatic acid_1";"5283028";"C16308"
"1193";"Tributyl phosphate";"31357";"C14439"
"1194";"Tributyrin";"6050";"C13870"
"1195";"Triethanolamine";"7618";"C06771"
"1196";"Triglochinin";"5281124";"C08342"
"1197";"Trihomomethionine_1";"46878441";"C17221"
"1198";"Trimethylamine N-oxide";"1145";"C01104"
"1199";"Triphenylsilanol";"69925";"C14549"
"1200";"Tris(butoxyethyl)phosphate";"6540";"C14446"
"1201";"Triticonazole";"6537961";"C18815"
"1202";"Tropine_1";"8424";"C00729"
"1203";"Tropinone";"446337";"C00783"
"1204";"Trp-P-1";"5284474";"C19306"
"1205";"Tryptamine";"1150";"C00398"
"1206";"Tuberonic acid glucoside";"52922085";"C08558"
"1207";"Tussilagine_1";"185071";"C10411"
"1208";"Tyramine_1";"5610";"C00483"
"1209";"Tyr-OEt";"70364";"C01458"
"1210";"Umbelliferone";"5281426";"C09315"
"1211";"URACIL";"1174";"C00106"
"1212";"Uracil mustard";"6194";"C11686"
"1213";"URATE";"1175";"C00366"
"1214";"Ureidoacrylate";"1751484";"C20254"
"1215";"Uridine";"6029";"C00299"
"1216";"Urocanate";"1549103";"UNKNOWN"
"1217";"Valclavam";"126919";"C06668"
"1218";"Vanillyl alcohol_1";"62348";"C06317"
"1219";"Velloquercetin";"442663";"C10194"
"1220";"Vermelone_1";"173699";"C01624"
"1221";"Verrucarin A";"6326658";"C09746"
"1222";"Versicolorin B_1";"107849";"C20575"
"1223";"(-)-Vestitone_1";"439310";"C00786"
"1224";"Virol B";"10753985";"C19994"
"1225";"Vitexin";"5280441";"C01460"
"1226";"Warfarin";"54678486";"C01541"
"1227";"Wedelolactone";"5281813";"C10541"
"1228";"WIN VI";"1786";"C06490"
"1229";"Wyerone";"643733";"C08465"
"1230";"Xanthan_1";"7107";"C01464"
"1231";"Xanthine_1";"1188";"C00385"
"1232";"Xanthosine";"64959";"C01762"
"1233";"Xanthosine 5'-phosphate";"73323";"C00655"
"1234";"Xanthurenic acid";"5699";"C02470"
"1235";"Xylitol";"6912";"C00379"
"1236";"Yersiniabactin_1";"5462519";"C12038"
"1237";"Zalcitabine_1";"24066";"C07207"
"1238";"(Z)-But-1-ene-1,2,4-tricarboxylate";"5280640";"C04002"
"1239";"Zingerone_1";"31211";"C17497"
"1240";"Zinnimidine_1";"442878";"C10626"
"1241";"Zoxamide";"122087";"C18903"
"1242";"10-Deacetyl-2-debenzoylbaccatin III";"443489";"C11899"
"1243";"1,1-Diethyl-2-hydroxy-2-nitrosohydrazine_1";"107754";"C13773"
"1244";"1,2-Dihydroxynaphthalene-6-sulfonate";"9543071";"C16196"
"1245";"12-trans-Hydroxy juvenile hormone III";"11011465";"C16508"
"1246";"14-Dihydroxycornestin";"5281160";"C08483"
"1247";"1-(5-Phosphoribosyl)imidazole-4-acetate";"440341";"C04437"
"1248";"1alpha,5alpha-Epidithio-17a-oxa-D-homoandrostan-3,...";"11954165";"C15390"
"1249";"1-Caffeoyl-4-deoxyquinic acid_1";"5281760";"C10432"
"1250";"(1E,3E)-4-Hydroxybuta-1,3-diene-1,2,4-tricarboxyla...";"54729370";"C04324"
"1251";"1-O-Galloyl-beta-D-glucose";"124021";"C01158"
"1252";"1-O-Sinapoyl-beta-D-glucose_1";"5280406";"C01175"
"1253";"1-O-Vanilloyl-beta-D-glucose_1";"14132344";"C20470"
"1254";"2,2-Bis(4'-chlorophenyl)ethanol";"17533";"C06639"
"1255";"2-(2-Chloro-phenyl)-5-(5-methylthiophen-2-yl)-[1,3...";"443277";"C11570"
"1256";"2,4-Dichlorotoluene";"7254";"C18300"
"1257";"2,4-Dinitro-1-(3-nitrophenoxy)benzene";"221812";"C15297"
"1258";"2,4-Dinitrophenol";"1493";"C02496"
"1259";"2,5-Diamino-6-(5-phospho-D-ribitylamino)pyrimidin-...";"25271619";"C18910"
"1260";"2-AminoAMP";"439541";"C01655"
"1261";"2-Chloro-1,4-naphthoquinone";"13891";"C03753"
"1262";"2-Dehydro-D-xylonate";"439852";"C02928"
"1263";"2-Deoxy-D-ribose 1-phosphate";"439287";"C00672"
"1264";"2-Phosphinomethylmalate";"6336010";"C17947"
"1265";"(2S,3S)-2-Hydroxytridecane-1,2,3-tricarboxylate";"5458468";"C04655"
"1266";"2-S-Glutathionyl acetate";"11954071";"C14862"
"1267";"2-Succinylbenzoate_1";"955";"C02730"
"1268";"3-(3,4-Dihydroxyphenyl)lactate_1";"439435";"C01207"
"1269";"3,4,3'-Tri-O-methylellagic acid";"5281860";"C10836"
"1270";"3,5-Dinitroguaiacol";"14345197";"C17101"
"1271";"3,7-Di-O-methylquercetin";"5280417";"C01265"
"1272";"3-beta-D-Galactosyl-sn-glycerol_1";"16048618";"C05401"
"1273";"3-Hydroxy-2-methylpyridine-4,5-dicarboxylate";"54683777";"C04604"
"1274";"3-Methyldioxyindole";"151066";"C05834"
"1275";"3-Oxalomalate";"5459790";"C01990"
"1276";"3-Sulfino-L-alanine";"1549098";"C00606"
"1277";"3-tert-Butyl-5-methylcatechol";"66095";"C03929"
"1278";"4,4'-Biphenyldithiol_1";"81399";"C14569"
"1279";"4,4-Bis[4-(acetyloxy)phenyl]3-hexanone_1";"240071";"C15145"
"1280";"4-(4-Deoxy-beta-D-gluc-4-enuronosyl)-D-galacturona...";"46878395";"C04733"
"1281";"4,4'-Diaminostilbene dihydrochloride_1";"11954176";"C15452"
"1282";"4,4'-Dichlorobenzophenone_1";"7034";"C06643"
"1283";"4-(beta-D-Glucosyloxy)benzoate";"6857424";"C03993"
"1284";"4-Carboxy-4-hydroxy-2-oxoadipate";"130";"C04115"
"1285";"4-Hydroxycinnamyl alcohol 4-D-glucoside";"5280847";"C05855"
"1286";"4-Nitrophenol-alpha-D-galactopyranoside";"65115";"C04452"
"1287";"5-Amino-4-chloro-2-(2,3-dihydroxyphenyl)-3(2H)-pyr...";"5460130";"C04798"
"1288";"5-Amino-6-(5'-phospho-D-ribitylamino)uracil";"18666812";"C04454"
"1289";"5-Fluorouridine monophosphate";"150856";"C16634"
"1290";"5-Hydroxyferulic acid methyl ester_1";"446834";"C05619"
"1291";"5-Hydroxymethyldeoxycytidylate";"440189";"C03997"
"1292";"5-Methyl-3-isoxazolyl sulfate_1";"443071";"C11105"
"1293";"5-Methylthiopentanaldoxime";"25010757";"C17245"
"1294";"5-O-Methyl-myo-inositol";"439990";"C03365"
"1295";"(5Z,13E)-11alpha-Hydroxy-9,15-dioxoprost-13-enoate";"5280719";"C04707"
"1296";"6-[2,3-Dihydroxy-1-(hydroxymethyl)propyl]-1,2-dihy...";"53297445";"C19590"
"1297";"6-Acetyl-D-glucose";"439780";"C02655"
"1298";"6-(alpha-D-Glucosaminyl)-1D-myo-inositol";"445937";"C15658"
"1299";"7,8-Dihydroxycoumarin";"5280569";"C03093"
"1300";"7-Deoxyloganate_1";"51399546";"C11636"
"1301";"7-Hydroxy-6-methyl-8-ribityl lumazine_1";"440869";"C05995"
"1302";"7-Mercaptoheptanoic acid";"3016713";"C16593"
"1303";"7-Methyl-2-hydroxy-6-oxoocta-2,4-dienoate_1";"5280696";"C04535"
"1304";"8-Epiiridodial glucoside";"443337";"C11656"
"1305";"8-Epiiridotrial glucoside";"155942";"C11652"
"1306";"8-Hydroxyalanylclavam";"46173889";"C17359"
"1307";"8-Oxodeoxycoformycin";"439866";"C02957"
"1308";"9-Hydroxybenzo[a]pyrene-4,5-oxide";"115064";"C14854"
"1309";"(9R,10R)-Dihydroxyoctadecanoic acid";"12235228";"C08314"
"1310";"9-Riburonosyladenine";"46878410";"C11501"
"1311";"Abscisic acid glucose ester_1";"46173811";"C15970"
"1312";"Acetophenazine";"17676";"C06807"
"1313";"Acetyl-maltose_1";"11349616";"C02130"
"1314";"Adiantifoline";"167937";"C09323"
"1315";"Altersolanol A";"89644";"C10296"
"1316";"Androsterone glucuronide";"114833";"C11135"
"1317";"Anhydrochlortetracycline";"54693278";"C18297"
"1318";"Anisatin_1";"115121";"C09294"
"1319";"Anthocyanin";"145858";"C15549"
"1320";"Anthocyanin 3'-O-beta-D-glucoside";"56928084";"C15550"
"1321";"Antirrhinoside";"442418";"C09768"
"1322";"Artecanin";"442147";"C09302"
"1323";"Ascorbate 2-sulfate_1";"54675759";"C02812"
"1324";"Asebogenin";"442255";"C09471"
"1325";"Asparenomycin A_1";"6441870";"C17400"
"1326";"Asperuloside";"84298";"C09769"
"1327";"Atractyloside A";"71307451";"C17858"
"1328";"Aucubin";"91458";"C09771"
"1329";"Azinphos-ethyl_1";"17531";"C18644"
"1330";"Azoxystrobin";"3034285";"C18558"
"1331";"Balofloxacin_1";"65958";"C13906"
"1332";"Benzthiazuron";"16007";"C19058"
"1333";"Berberastine";"442180";"C09360"
"1334";"Berberine chloride_1";"12456";"C12679"
"1335";"Bergenin_1";"66065";"C09919"
"1336";"Bis(4'-chlorophenyl)methane_1";"7576";"C06641"
"1337";"Bis-D-fructose 2',1:2,1'-dianhydride";"11782294";"C04333"
"1338";"Bruceoside A";"441789";"C08753"
"1339";"Butenachlor";"6448437";"C19045"
"1340";"C20913";"92042779";"C20913"
"1341";"Carbamorph";"35953";"C18923"
"1342";"Cellobionate";"6452827";"C20888"
"1343";"Chlorbufam";"16073";"C19060"
"1344";"Chlorogenate";"1794427";"C00852"
"1345";"Chloroxuron";"16115";"C19075"
"1346";"Chlorphentermine";"10007";"C07559"
"1347";"Chlorpromazine";"2726";"C06906"
"1348";"Chlorpromazine N-oxide_1";"443037";"C10966"
"1349";"Cholic acid";"221493";"C00695"
"1350";"cis-(Homo)3-aconitate";"25244229";"C20582"
"1351";"CNQX";"3721046";"C13668"
"1352";"Coformycin";"25447";"C01677"
"1353";"Coniferin_1";"5280372";"C00761"
"1354";"Corniculatusin";"5280695";"C04527"
"1355";"Croconazole";"2880";"C11096"
"1356";"Cyclic GMP-AMP";"71563406";"C20640"
"1357";"cyclo-Dopa 5-O-glucoside_1";"46173990";"C17751"
"1358";"Cypermethrin";"2912";"C10984"
"1359";"Dalpanin";"442769";"C10416"
"1360";"Dantrolene_1";"6914273";"C06939"
"1361";"DCEBIO_1";"656765";"C13844"
"1362";"Decarbamoylgonyautoxin 1_1";"3035199";"C20022"
"1363";"Dehypoxanthine futalosine";"25137931";"C17010"
"1364";"Deoxyguanidinoproclavaminic acid";"441123";"C06656"
"1365";"Deoxylimononic acid D-ring-lactone";"24892745";"C04251"
"1366";"Deoxyloganin_1";"440906";"C06071"
"1367";"D-GLUCURONOLACTONE";"92283";"C02670"
"1368";"Didanosine";"50599";"C06953"
"1369";"Didrovaltratum";"65689";"C09776"
"1370";"Diethyl (2R,3R)-2-methyl-3-hydroxysuccinate";"440395";"C04586"
"1371";"Digalacturonate";"439694";"C02273"
"1372";"Dihydromyricetin";"161557";"C02906"
"1373";"DIMBOA-glucoside";"11132470";"C04831"
"1374";"Disperse Blue 1";"17190";"C19236"
"1375";"D-Lombricine";"439556";"C01726"
"1376";"Doxazosin";"3157";"C06970"
"1377";"D-Prephenyllactate";"439361";"C00994"
"1378";"D-RIBOSE 5-PHOSPHATE";"439167";"C00117"
"1379";"D-SACCHARIC ACID";"33037";"C00818"
"1380";"D-Xylonate_1";"5460056";"C00502"
"1381";"E3040";"443292";"C11593"
"1382";"EDTA";"6049";"C00284"
"1383";"Elephantopin";"442206";"C09403"
"1384";"Enoxacin";"3229";"C06979"
"1385";"Eseramine_1";"442077";"C09170"
"1386";"Eudistomin C";"184887";"C17167"
"1387";"Evadol hydrochloride";"201408";"C15360"
"1388";"Fenvalerate";"3347";"C10988"
"1389";"Flamprop-M";"5748526";"C18788"
"1390";"Flavanone 7-O-[alpha-L-rhamnosyl-(1->2)-beta-D-glu...";"11954209";"C15579"
"1391";"Flavonol 3-O-D-xylosylglucoside";"11953829";"C04068"
"1392";"Fluazifop";"91701";"C18527"
"1393";"Fraxin_1";"5273568";"C09266"
"1394";"Fructoselysine";"49859675";"C16488"
"1395";"Funebrine";"442636";"C10145"
"1396";"Furamizole";"5378303";"C14304"
"1397";"Furcatin";"442789";"C10458"
"1398";"Fusarenone X_1";"304599";"C19583"
"1399";"Gallate";"370";"C01424"
"1400";"gamma-L-Glutamyl-D-alanine";"25200557";"C03738"
"1401";"Gardenoside";"442423";"C09779"
"1402";"Gibberellin A44 diacid";"440915";"C06095"
"1403";"Glaucarubin_1";"441794";"C08760"
"1404";"Glucocleomin";"4479887";"C08406"
"1405";"Glucoiberverin";"9548637";"C08412"
"1406";"Glucotropaeolin";"656498";"C02153"
"1407";"Glucovanillin_1";"6452133";"C19808"
"1408";"GLYCEROL 2-PHOSPHATE";"2526";"C02979"
"1409";"Glycerophosphoglycerol";"439964";"C03274"
"1410";"Glycochenodeoxycholate 7-sulfate";"11954205";"C15559"
"1411";"Glycodeoxycholate";"3035026";"C05464"
"1412";"Grandidentatin_1";"5281776";"C10463"
"1413";"Graphinone";"442372";"C09674"
"1414";"GW 9662";"644213";"C15627"
"1415";"HC-toxin_1";"107864";"C15676"
"1416";"Hellicoside";"5281778";"C10466"
"1417";"Hesperetin 7-O-glucoside";"20111686";"C16422"
"1418";"Heterocladol";"21718008";"C17193"
"1419";"Hexaflumuron";"91741";"C18861"
"1420";"Hordatine A";"45485025";"C08307"
"1421";"Hymenoxon";"42295";"C09482"
"1422";"Hypoglycin B";"441445";"C08280"
"1423";"Indolepyruvate";"803";"C00331"
"1424";"Isopentenyladenosine-5'-diphosphate";"23724749";"C16426"
"1425";"Kaempferol 3-sophorotrioside";"5282156";"C12635"
"1426";"Kanamycin B";"439318";"C00825"
"1427";"Kolaflavanone";"155169";"C09761"
"1428";"L-Ascorbic acid-2-glucoside";"54693473";"C18339"
"1429";"Laserpitin";"5281524";"C09697"
"1430";"Lecanoric acid";"99613";"C02868"
"1431";"Leflunomide";"3899";"C07905"
"1432";"Leonuridine_1";"6452294";"C17011"
"1433";"Leucomethylene blue";"164695";"C05721"
"1434";"Linezolid_1";"441401";"C08146"
"1435";"Lithospermoside";"10065132";"C17771"
"1436";"Loganin";"87691";"C01433"
"1437";"Loxapine";"3964";"C07104"
"1438";"Lusitanicoside";"442799";"C10474"
"1439";"Maculosin";"119404";"C10605"
"1440";"Mangiferin";"5281647";"C10077"
"1441";"Medicarpin 3-O-glucoside-6'-malonate";"23724665";"C16224"
"1442";"Menazon";"6543";"C19006"
"1443";"Mercury(2+)";"26623";"C00703"
"1444";"Metconazole";"86210";"C18476"
"1445";"Methapyrilene";"4098";"C11114"
"1446";"Mitomycin";"5746";"C06681"
"1447";"MK 571";"5281888";"C11239"
"1448";"Moricizine";"34633";"C07743"
"1449";"Morphine-6-glucuronide";"5360621";"C16578"
"1450";"Moxifloxacin";"152946";"C07663"
"1451";"Musca-aurin-VII";"5281207";"C08562"
"1452";"N-(2,3-Dihydroxybenzoyl)-L-serine_1";"151483";"C04204"
"1453";"N7-Methylguanosine";"445404";"C20674"
"1454";"N-ACETYL-D-MANNOSAMINE";"439281";"UNKNOWN"
"1455";"N-Acetylglucosamine 4-sulfate";"440173";"C03953"
"1456";"N-AMIDINO-L-ASPARTATE";"439918";"C03139"
"1457";"Niflumic acid_1";"4488";"C13698"
"1458";"Nitrogen mustard";"4033";"C07115"
"1459";"N,N-Bis(2-chloroethyl)-DL-alanine hydrochloride";"3026336";"C15311"
"1460";"Nocardicin C";"3042313";"C17351"
"1461";"Octamethyltrisiloxane";"24705";"C07261"
"1462";"Ofloxacin_1";"4583";"C07321"
"1463";"Oxalosuccinate";"972";"C05379"
"1464";"Oxazepam";"4616";"C07359"
"1465";"Oxaziclomefone";"15604135";"C18571"
"1466";"Oxmetidine";"51710";"C11803"
"1467";"Paeonolide";"442923";"C10715"
"1468";"Paucin";"161538";"C09525"
"1469";"Pentamidine";"4735";"C07420"
"1470";"Perindopril";"107807";"C07706"
"1471";"Perseitol_1";"441436";"C08255"
"1472";"Phenylgalactoside_1";"102336";"C02578"
"1473";"Phenylmethanesulfonyl fluoride_1";"4784";"C06747"
"1474";"Phosphoramide mustard";"96356";"C07647"
"1475";"Plumieride";"72319";"C09797"
"1476";"Polypodine B";"441833";"C08834"
"1477";"Portulacaxanthin II";"5281213";"C08565"
"1478";"Potassium cyanate_1";"11378442";"C19067"
"1479";"p,p'-Methoxychlor olefin";"75048";"C14250"
"1480";"Prodiamine";"34469";"C18884"
"1481";"Prontosil";"66895";"C07573"
"1482";"Propachlor_1";"4931";"C18759"
"1483";"Propanethial S-oxide";"441491";"C08389"
"1484";"Propantheline chloride";"443396";"C11762"
"1485";"Proparacaine";"4935";"C07383"
"1486";"Propyzamide_1";"32154";"C14333"
"1487";"Prostaglandin G2";"5280883";"C05956"
"1488";"Pydanon";"12785740";"C19128"
"1489";"Pyricarbate";"4990";"C12842"
"1490";"Pyridaben";"91754";"C18614"
"1491";"Quercetin 3-O-glucoside";"5280804";"C05623"
"1492";"Quetiapine";"5002";"C07397"
"1493";"Quinate";"6508";"C00296"
"1494";"Quinoclamin";"17748";"C18584"
"1495";"Quizalofop-ethyl";"53518";"C18530"
"1496";"(R)-3-((R)-3-Hydroxybutanoyloxy)butanoate_1";"5459971";"C04546"
"1497";"Rehmaionoside A_1";"10023290";"C17450"
"1498";"Rehmaionoside C_1";"11740990";"C17452"
"1499";"Robustine";"164950";"C10736"
"1500";"Rosmarinine";"5281745";"C10380"
"1501";"(S)-ACPA";"447083";"C13673"
"1502";"Salidroside";"159278";"C06046"
"1503";"S-Carboxymethyl-L-cysteine";"193653";"C03727"
"1504";"Schizonepetoside E_1";"46173963";"C17638"
"1505";"Secologanate_1";"439612";"C01957"
"1506";"Secologanin";"161276";"C01852"
"1507";"Sedoheptulose_1";"102926";"C02076"
"1508";"Sesamex_1";"5796";"C19146"
"1509";"Shanzhiside";"11948668";"C17066"
"1510";"Sinapate_1";"637775";"C00482"
"1511";"S-Sulfo-L-cysteine";"115015";"C05824"
"1512";"Sucralose";"71485";"C12285"
"1513";"Sulfometuron methyl";"52997";"C10955"
"1514";"Sulmazole_1";"5353";"C13749"
"1515";"Sulochrin";"160505";"C00495"
"1516";"Tarennoside";"182279";"C11654"
"1517";"Tentoxin_1";"5281143";"C08441"
"1518";"Thalassemine_1";"5280472";"C01961"
"1519";"Thalicarpine";"21470";"C09655"
"1520";"Theogallin";"442988";"C10834"
"1521";"Thiamin diphosphate";"1132";"C00068"
"1522";"Thiamin monophosphate";"1131";"C01081"
"1523";"Thienodolin";"442119";"C09245"
"1524";"Thiolactomycin";"445629";"C11165"
"1525";"Tobramycin";"36294";"C00397"
"1526";"Tolcapone_1";"4659569";"C07949"
"1527";"Tramadol";"33741";"C07153"
"1528";"trans-Cinnamoyl beta-D-glucoside";"5280653";"C04164"
"1529";"Triadimefon";"39385";"C11156"
"1530";"Triadimenol";"41368";"C11127"
"1531";"Tributyltin chloride_1";"15096";"C15224"
"1532";"Triethylene glycol diglycidyl ether_1";"16058";"C19537"
"1533";"Triflumuron";"47445";"C18615"
"1534";"Trimetaphosphoric acid";"510";"C02466"
"1535";"Trimethoprim";"5578";"C01965"
"1536";"Tuliposide B";"441643";"C08570"
"1537";"Ungeremine";"159646";"C12189"
"1538";"Valacyclovir";"60773";"C07184"
"1539";"Versiconal";"25203618";"C20507"
"1540";"Zizybeoside I";"11972301";"C17564"
"1541";"Zoxazolamine";"6103";"C13841"
